{"eval/loss": 0.12161818146705627, "eval/avg.accuracy": 0.96875, "eval/avg.precision": 0.9710648148148149, "eval/avg.recall": 0.96875, "eval/avg.f1": 0.968891402714932, "eval/Me.accuracy": 0.9428571428571428, "eval/Me.precision": 1.0, "eval/Me.recall": 0.9428571428571428, "eval/Me.f1": 0.9705882352941176, "eval/Me.support": 35, "eval/You.accuracy": 1.0, "eval/You.precision": 0.9259259259259259, "eval/You.recall": 1.0, "eval/You.f1": 0.9615384615384615, "eval/You.support": 25, "eval/Either.accuracy": 1.0, "eval/Either.precision": 1.0, "eval/Either.recall": 1.0, "eval/Either.f1": 1.0, "eval/Either.support": 4, "eval/runtime": 0.1864, "eval/samples_per_second": 343.407, "eval/steps_per_second": 42.926, "train/epoch": 12.0, "train/global_step": 264, "_runtime": 26, "_timestamp": 1625505158, "_step": 12, "train/train_runtime": 22.2786, "train/train_samples_per_second": 91.568, "train/train_steps_per_second": 11.85, "train/total_flos": 34842362237280.0, "train/train_loss": 0.3841830166903409}