{"eval/loss": 0.32022514939308167, "eval/avg.accuracy": 0.9508196721311475, "eval/avg.precision": 0.9514687100893998, "eval/avg.recall": 0.9508196721311475, "eval/avg.f1": 0.9508668550488344, "eval/Me.accuracy": 0.9333333333333333, "eval/Me.precision": 0.9655172413793104, "eval/Me.recall": 0.9333333333333333, "eval/Me.f1": 0.9491525423728815, "eval/Me.support": 30, "eval/You.accuracy": 0.9615384615384616, "eval/You.precision": 0.9259259259259259, "eval/You.recall": 0.9615384615384616, "eval/You.f1": 0.9433962264150944, "eval/You.support": 26, "eval/Either.accuracy": 1.0, "eval/Either.precision": 1.0, "eval/Either.recall": 1.0, "eval/Either.f1": 1.0, "eval/Either.support": 5, "eval/runtime": 0.159, "eval/samples_per_second": 383.748, "eval/steps_per_second": 50.328, "train/epoch": 12.0, "train/global_step": 264, "_runtime": 24, "_timestamp": 1625091831, "_step": 12, "train/train_runtime": 17.2407, "train/train_samples_per_second": 120.413, "train/train_steps_per_second": 15.313, "train/total_flos": 40912185522960.0, "train/train_loss": 0.44035356695001776}