{"eval/loss": 0.7819624543190002, "eval/avg.accuracy": 0.7821428571428571, "eval/avg.precision": 0.7849995457161029, "eval/avg.recall": 0.7821428571428571, "eval/avg.f1": 0.7784742616400907, "eval/Positive.accuracy": 0.8623188405797102, "eval/Positive.precision": 0.7484276729559748, "eval/Positive.recall": 0.8623188405797102, "eval/Positive.f1": 0.8013468013468014, "eval/Positive.support": 138, "eval/Neutral.accuracy": 0.6363636363636364, "eval/Neutral.precision": 0.7865168539325843, "eval/Neutral.recall": 0.6363636363636364, "eval/Neutral.f1": 0.7035175879396984, "eval/Neutral.support": 110, "eval/Negative.accuracy": 0.9375, "eval/Negative.precision": 0.9375, "eval/Negative.recall": 0.9375, "eval/Negative.f1": 0.9375, "eval/Negative.support": 32, "eval/runtime": 0.4919, "eval/samples_per_second": 569.21, "eval/steps_per_second": 71.151, "train/epoch": 5.0, "train/global_step": 500, "_runtime": 36, "_timestamp": 1625092862, "_step": 4, "train/loss": 0.5102, "train/learning_rate": 5e-05}