{"eval/loss": 0.6599484086036682, "eval/avg.accuracy": 0.7422680412371134, "eval/avg.precision": 0.7423622681807454, "eval/avg.recall": 0.7422680412371134, "eval/avg.f1": 0.7367531997442026, "eval/Ask.accuracy": 0.8144329896907216, "eval/Ask.precision": 0.8494623655913979, "eval/Ask.recall": 0.8144329896907216, "eval/Ask.f1": 0.8315789473684212, "eval/Ask.support": 97, "eval/Suggest.accuracy": 0.5180722891566265, "eval/Suggest.precision": 0.671875, "eval/Suggest.recall": 0.5180722891566265, "eval/Suggest.f1": 0.5850340136054423, "eval/Suggest.support": 83, "eval/Direct.accuracy": 0.8518518518518519, "eval/Direct.precision": 0.7040816326530612, "eval/Direct.recall": 0.8518518518518519, "eval/Direct.f1": 0.770949720670391, "eval/Direct.support": 81, "eval/Clarify/Verify.accuracy": 0.8333333333333334, "eval/Clarify/Verify.precision": 0.6944444444444444, "eval/Clarify/Verify.recall": 0.8333333333333334, "eval/Clarify/Verify.f1": 0.7575757575757577, "eval/Clarify/Verify.support": 30, "eval/runtime": 0.9283, "eval/samples_per_second": 313.464, "eval/steps_per_second": 39.856, "train/epoch": 2.0, "train/global_step": 212, "_runtime": 22, "_timestamp": 1625088346, "_step": 1}