{"eval/loss": 1.349911093711853, "eval/avg.accuracy": 0.7715877437325905, "eval/avg.precision": 0.7754864721243836, "eval/avg.recall": 0.7715877437325905, "eval/avg.f1": 0.7725726097789282, "eval/Positive.accuracy": 0.7412731006160165, "eval/Positive.precision": 0.7763440860215054, "eval/Positive.recall": 0.7412731006160165, "eval/Positive.f1": 0.7584033613445378, "eval/Positive.support": 487, "eval/Neutral.accuracy": 0.7807606263982103, "eval/Neutral.precision": 0.722567287784679, "eval/Neutral.recall": 0.7807606263982103, "eval/Neutral.f1": 0.7505376344086021, "eval/Neutral.support": 447, "eval/Negative.accuracy": 0.8461538461538461, "eval/Negative.precision": 0.937984496124031, "eval/Negative.recall": 0.8461538461538461, "eval/Negative.f1": 0.8897058823529412, "eval/Negative.support": 143, "eval/runtime": 1.8539, "eval/samples_per_second": 580.923, "eval/steps_per_second": 72.818, "train/epoch": 9.0, "train/global_step": 1053, "_runtime": 94, "_timestamp": 1625092580, "_step": 10, "train/loss": 0.1614, "train/learning_rate": 2.234513274336283e-05}