{
  "best_metric": null,
  "best_model_checkpoint": null,
  "epoch": 8.547008547008547,
  "global_step": 1000,
  "is_hyper_param_search": false,
  "is_local_process_zero": true,
  "is_world_process_zero": true,
  "log_history": [
    {
      "epoch": 1.0,
      "eval_Negative.accuracy": 0.0,
      "eval_Negative.f1": 0.0,
      "eval_Negative.precision": 0.0,
      "eval_Negative.recall": 0.0,
      "eval_Negative.support": 143,
      "eval_Neutral.accuracy": 0.7785234899328859,
      "eval_Neutral.f1": 0.6236559139784946,
      "eval_Neutral.precision": 0.5201793721973094,
      "eval_Neutral.recall": 0.7785234899328859,
      "eval_Neutral.support": 447,
      "eval_Positive.accuracy": 0.486652977412731,
      "eval_Positive.f1": 0.5296089385474861,
      "eval_Positive.precision": 0.5808823529411765,
      "eval_Positive.recall": 0.486652977412731,
      "eval_Positive.support": 487,
      "eval_avg.accuracy": 0.5431754874651811,
      "eval_avg.f1": 0.4983228845134753,
      "eval_avg.precision": 0.47856071054275795,
      "eval_avg.recall": 0.5431754874651811,
      "eval_loss": 0.9370918273925781,
      "eval_runtime": 1.7676,
      "eval_samples_per_second": 609.316,
      "eval_steps_per_second": 76.377,
      "step": 117
    },
    {
      "epoch": 2.0,
      "eval_Negative.accuracy": 0.5664335664335665,
      "eval_Negative.f1": 0.7074235807860262,
      "eval_Negative.precision": 0.9418604651162791,
      "eval_Negative.recall": 0.5664335664335665,
      "eval_Negative.support": 143,
      "eval_Neutral.accuracy": 0.9239373601789709,
      "eval_Neutral.f1": 0.6339217191097467,
      "eval_Neutral.precision": 0.4824766355140187,
      "eval_Neutral.recall": 0.9239373601789709,
      "eval_Neutral.support": 447,
      "eval_Positive.accuracy": 0.21149897330595482,
      "eval_Positive.f1": 0.33118971061093244,
      "eval_Positive.precision": 0.762962962962963,
      "eval_Positive.recall": 0.21149897330595482,
      "eval_Positive.support": 487,
      "eval_avg.accuracy": 0.5543175487465181,
      "eval_avg.f1": 0.5067910580891204,
      "eval_avg.precision": 0.6703027535277226,
      "eval_avg.recall": 0.5543175487465181,
      "eval_loss": 1.0629568099975586,
      "eval_runtime": 1.8379,
      "eval_samples_per_second": 585.991,
      "eval_steps_per_second": 73.453,
      "step": 234
    },
    {
      "epoch": 3.0,
      "eval_Negative.accuracy": 0.8181818181818182,
      "eval_Negative.f1": 0.8830188679245282,
      "eval_Negative.precision": 0.9590163934426229,
      "eval_Negative.recall": 0.8181818181818182,
      "eval_Negative.support": 143,
      "eval_Neutral.accuracy": 0.7874720357941835,
      "eval_Neutral.f1": 0.6949654491609082,
      "eval_Neutral.precision": 0.6219081272084805,
      "eval_Neutral.recall": 0.7874720357941835,
      "eval_Neutral.support": 447,
      "eval_Positive.accuracy": 0.5954825462012321,
      "eval_Positive.f1": 0.6621004566210046,
      "eval_Positive.precision": 0.7455012853470437,
      "eval_Positive.recall": 0.5954825462012321,
      "eval_Positive.support": 487,
      "eval_avg.accuracy": 0.7047353760445683,
      "eval_avg.f1": 0.7050735155641251,
      "eval_avg.precision": 0.7225546918184736,
      "eval_avg.recall": 0.7047353760445683,
      "eval_loss": 0.8185215592384338,
      "eval_runtime": 1.8242,
      "eval_samples_per_second": 590.398,
      "eval_steps_per_second": 74.005,
      "step": 351
    },
    {
      "epoch": 4.0,
      "eval_Negative.accuracy": 0.6713286713286714,
      "eval_Negative.f1": 0.7933884297520661,
      "eval_Negative.precision": 0.9696969696969697,
      "eval_Negative.recall": 0.6713286713286714,
      "eval_Negative.support": 143,
      "eval_Neutral.accuracy": 0.7785234899328859,
      "eval_Neutral.f1": 0.6911618669314796,
      "eval_Neutral.precision": 0.6214285714285714,
      "eval_Neutral.recall": 0.7785234899328859,
      "eval_Neutral.support": 447,
      "eval_Positive.accuracy": 0.6468172484599589,
      "eval_Positive.f1": 0.6961325966850829,
      "eval_Positive.precision": 0.7535885167464115,
      "eval_Positive.recall": 0.6468172484599589,
      "eval_Positive.support": 487,
      "eval_avg.accuracy": 0.7047353760445683,
      "eval_avg.f1": 0.7069827990330105,
      "eval_avg.precision": 0.7274306831483198,
      "eval_avg.recall": 0.7047353760445683,
      "eval_loss": 0.9088996052742004,
      "eval_runtime": 1.7466,
      "eval_samples_per_second": 616.618,
      "eval_steps_per_second": 77.292,
      "step": 468
    },
    {
      "epoch": 4.27,
      "learning_rate": 5e-05,
      "loss": 0.4758,
      "step": 500
    },
    {
      "epoch": 5.0,
      "eval_Negative.accuracy": 0.7832167832167832,
      "eval_Negative.f1": 0.8648648648648648,
      "eval_Negative.precision": 0.9655172413793104,
      "eval_Negative.recall": 0.7832167832167832,
      "eval_Negative.support": 143,
      "eval_Neutral.accuracy": 0.70917225950783,
      "eval_Neutral.f1": 0.7220956719817768,
      "eval_Neutral.precision": 0.7354988399071926,
      "eval_Neutral.recall": 0.70917225950783,
      "eval_Neutral.support": 447,
      "eval_Positive.accuracy": 0.8008213552361396,
      "eval_Positive.f1": 0.7669616519174041,
      "eval_Positive.precision": 0.7358490566037735,
      "eval_Positive.recall": 0.8008213552361396,
      "eval_Positive.support": 487,
      "eval_avg.accuracy": 0.7604456824512534,
      "eval_avg.f1": 0.7613396151674147,
      "eval_avg.precision": 0.7661981778289639,
      "eval_avg.recall": 0.7604456824512534,
      "eval_loss": 0.8975169062614441,
      "eval_runtime": 2.7577,
      "eval_samples_per_second": 390.546,
      "eval_steps_per_second": 48.954,
      "step": 585
    },
    {
      "epoch": 6.0,
      "eval_Negative.accuracy": 0.7342657342657343,
      "eval_Negative.f1": 0.8203125,
      "eval_Negative.precision": 0.9292035398230089,
      "eval_Negative.recall": 0.7342657342657343,
      "eval_Negative.support": 143,
      "eval_Neutral.accuracy": 0.7315436241610739,
      "eval_Neutral.f1": 0.7039827771797632,
      "eval_Neutral.precision": 0.6784232365145229,
      "eval_Neutral.recall": 0.7315436241610739,
      "eval_Neutral.support": 447,
      "eval_Positive.accuracy": 0.7453798767967146,
      "eval_Positive.f1": 0.7492260061919505,
      "eval_Positive.precision": 0.7531120331950207,
      "eval_Positive.recall": 0.7453798767967146,
      "eval_Positive.support": 487,
      "eval_avg.accuracy": 0.7381615598885793,
      "eval_avg.f1": 0.7398867724371718,
      "eval_avg.precision": 0.7454938283033028,
      "eval_avg.recall": 0.7381615598885793,
      "eval_loss": 1.244372010231018,
      "eval_runtime": 2.0751,
      "eval_samples_per_second": 519.012,
      "eval_steps_per_second": 65.057,
      "step": 702
    },
    {
      "epoch": 7.0,
      "eval_Negative.accuracy": 0.8391608391608392,
      "eval_Negative.f1": 0.8695652173913043,
      "eval_Negative.precision": 0.9022556390977443,
      "eval_Negative.recall": 0.8391608391608392,
      "eval_Negative.support": 143,
      "eval_Neutral.accuracy": 0.7248322147651006,
      "eval_Neutral.f1": 0.72,
      "eval_Neutral.precision": 0.7152317880794702,
      "eval_Neutral.recall": 0.7248322147651006,
      "eval_Neutral.support": 447,
      "eval_Positive.accuracy": 0.7618069815195072,
      "eval_Positive.f1": 0.7586912065439673,
      "eval_Positive.precision": 0.7556008146639511,
      "eval_Positive.recall": 0.7618069815195072,
      "eval_Positive.support": 487,
      "eval_avg.accuracy": 0.7567316620241411,
      "eval_avg.f1": 0.757354172399135,
      "eval_avg.precision": 0.7583182566423815,
      "eval_avg.recall": 0.7567316620241411,
      "eval_loss": 1.309751033782959,
      "eval_runtime": 1.8234,
      "eval_samples_per_second": 590.664,
      "eval_steps_per_second": 74.039,
      "step": 819
    },
    {
      "epoch": 8.0,
      "eval_Negative.accuracy": 0.8181818181818182,
      "eval_Negative.f1": 0.8666666666666667,