{"eval/loss": 1.4293502569198608, "eval/avg.accuracy": 0.7594501718213058, "eval/avg.precision": 0.7622171371457445, "eval/avg.recall": 0.7594501718213058, "eval/avg.f1": 0.7591062993236228, "eval/Ask.accuracy": 0.79, "eval/Ask.precision": 0.8144329896907216, "eval/Ask.recall": 0.79, "eval/Ask.f1": 0.802030456852792, "eval/Ask.support": 100, "eval/Suggest.accuracy": 0.6233766233766234, "eval/Suggest.precision": 0.6666666666666666, "eval/Suggest.recall": 0.6233766233766234, "eval/Suggest.f1": 0.6442953020134228, "eval/Suggest.support": 77, "eval/Direct.accuracy": 0.835820895522388, "eval/Direct.precision": 0.7088607594936709, "eval/Direct.recall": 0.835820895522388, "eval/Direct.f1": 0.7671232876712328, "eval/Direct.support": 67, "eval/Clarify/Verify.accuracy": 0.8085106382978723, "eval/Clarify/Verify.precision": 0.8837209302325582, "eval/Clarify/Verify.recall": 0.8085106382978723, "eval/Clarify/Verify.f1": 0.8444444444444444, "eval/Clarify/Verify.support": 47, "eval/runtime": 0.8779, "eval/samples_per_second": 331.456, "eval/steps_per_second": 42.144, "train/epoch": 9.43, "train/global_step": 1000, "_runtime": 118, "_timestamp": 1625504519, "_step": 10, "train/loss": 0.1598, "train/learning_rate": 1.761658031088083e-05}