{"eval/loss": 2.244647741317749, "eval/avg.accuracy": 0.6964164976335362, "eval/avg.precision": 0.7221698315244006, "eval/avg.recall": 0.6964164976335362, "eval/avg.f1": 0.6949599215897576, "eval/INTRO.accuracy": 0.0, "eval/INTRO.precision": 0.0, "eval/INTRO.recall": 0.0, "eval/INTRO.f1": 0.0, "eval/INTRO.support": 35, "eval/ANS.accuracy": 0.3705357142857143, "eval/ANS.precision": 0.5496688741721855, "eval/ANS.recall": 0.3705357142857143, "eval/ANS.f1": 0.44266666666666665, "eval/ANS.support": 224, "eval/DIR.accuracy": 0.8311258278145696, "eval/DIR.precision": 0.5440751445086706, "eval/DIR.recall": 0.8311258278145696, "eval/DIR.f1": 0.65764192139738, "eval/DIR.support": 906, "eval/DRV.accuracy": 0.6837606837606838, "eval/DRV.precision": 0.837696335078534, "eval/DRV.recall": 0.6837606837606838, "eval/DRV.f1": 0.7529411764705882, "eval/DRV.support": 234, "eval/FB.accuracy": 0.7997658079625293, "eval/FB.precision": 0.6962283384301733, "eval/FB.recall": 0.7997658079625293, "eval/FB.f1": 0.7444141689373297, "eval/FB.support": 854, "eval/RPT.accuracy": 0.45, "eval/RPT.precision": 0.4090909090909091, "eval/RPT.recall": 0.45, "eval/RPT.f1": 0.4285714285714286, "eval/RPT.support": 20, "eval/THX.accuracy": 0.5, "eval/THX.precision": 0.6666666666666666, "eval/THX.recall": 0.5, "eval/THX.f1": 0.5714285714285715, "eval/THX.support": 32, "eval/TNK.accuracy": 0.6432835820895523, "eval/TNK.precision": 0.841249186727391, "eval/TNK.recall": 0.6432835820895523, "eval/TNK.f1": 0.7290668170284749, "eval/TNK.support": 2010, "eval/UC.accuracy": 0.7622950819672131, "eval/UC.precision": 0.6326530612244898, "eval/UC.recall": 0.7622950819672131, "eval/UC.f1": 0.6914498141263941, "eval/UC.support": 122, "eval/runtime": 23.1436, "eval/samples_per_second": 191.716, "eval/steps_per_second": 23.981, "train/epoch": 12.0, "train/global_step": 5160, "_runtime": 1063, "_timestamp": 1625512432, "_step": 22, "train/loss": 0.0847, "train/learning_rate": 1.7167381974248929e-06, "train/train_runtime": 1060.4465, "train/train_samples_per_second": 38.848, "train/train_steps_per_second": 4.866, "train/total_flos": 3897085371744384.0, "train/train_loss": 0.32615855812102323}