{"eval/loss": 0.9021808505058289, "eval/avg.accuracy": 0.6367521367521367, "eval/avg.precision": 0.6365598940067024, "eval/avg.recall": 0.6367521367521367, "eval/avg.f1": 0.6207557351443079, "eval/Me.accuracy": 0.5887096774193549, "eval/Me.precision": 0.776595744680851, "eval/Me.recall": 0.5887096774193549, "eval/Me.f1": 0.6697247706422018, "eval/Me.support": 124, "eval/You.accuracy": 0.7835051546391752, "eval/You.precision": 0.5428571428571428, "eval/You.recall": 0.7835051546391752, "eval/You.f1": 0.6413502109704642, "eval/You.support": 97, "eval/Either.accuracy": 0.0, "eval/Either.precision": 0.0, "eval/Either.recall": 0.0, "eval/Either.f1": 0.0, "eval/Either.support": 13, "eval/runtime": 0.4721, "eval/samples_per_second": 495.659, "eval/steps_per_second": 63.546, "train/epoch": 12.0, "train/global_step": 60, "_runtime": 16, "_timestamp": 1625517760, "_step": 12, "train/train_runtime": 9.2901, "train/train_samples_per_second": 46.501, "train/train_steps_per_second": 6.459, "train/total_flos": 7945950483072.0, "train/train_loss": 0.9549729029337565}