{"eval/loss": 0.08289603888988495, "eval/avg.accuracy": 0.9821428571428571, "eval/avg.precision": 0.9880952380952381, "eval/avg.recall": 0.9821428571428571, "eval/avg.f1": 0.9837912087912087, "eval/Me.accuracy": 0.9696969696969697, "eval/Me.precision": 1.0, "eval/Me.recall": 0.9696969696969697, "eval/Me.f1": 0.9846153846153847, "eval/Me.support": 33, "eval/You.accuracy": 1.0, "eval/You.precision": 1.0, "eval/You.recall": 1.0, "eval/You.f1": 1.0, "eval/You.support": 21, "eval/Either.accuracy": 1.0, "eval/Either.precision": 0.6666666666666666, "eval/Either.recall": 1.0, "eval/Either.f1": 0.8, "eval/Either.support": 2, "eval/runtime": 0.1344, "eval/samples_per_second": 416.555, "eval/steps_per_second": 52.069, "train/epoch": 12.0, "train/global_step": 276, "_runtime": 26, "_timestamp": 1625091731, "_step": 12, "train/train_runtime": 19.2768, "train/train_samples_per_second": 110.807, "train/train_steps_per_second": 14.318, "train/total_flos": 51916696311024.0, "train/train_loss": 0.45570110929185065}