{"eval/loss": 0.8512184619903564, "eval/avg.accuracy": 0.7963963963963964, "eval/avg.precision": 0.8012236210151652, "eval/avg.recall": 0.7963963963963964, "eval/avg.f1": 0.7965336151974287, "eval/INTRO.accuracy": 0.9230769230769231, "eval/INTRO.precision": 1.0, "eval/INTRO.recall": 0.9230769230769231, "eval/INTRO.f1": 0.9600000000000001, "eval/INTRO.support": 13, "eval/ANS.accuracy": 0.5344827586206896, "eval/ANS.precision": 0.6458333333333334, "eval/ANS.recall": 0.5344827586206896, "eval/ANS.f1": 0.5849056603773585, "eval/ANS.support": 58, "eval/DIR.accuracy": 0.8484848484848485, "eval/DIR.precision": 0.7101449275362319, "eval/DIR.recall": 0.8484848484848485, "eval/DIR.f1": 0.7731755424063116, "eval/DIR.support": 231, "eval/DRV.accuracy": 0.8852459016393442, "eval/DRV.precision": 0.8709677419354839, "eval/DRV.recall": 0.8852459016393442, "eval/DRV.f1": 0.8780487804878049, "eval/DRV.support": 61, "eval/FB.accuracy": 0.7718446601941747, "eval/FB.precision": 0.7535545023696683, "eval/FB.recall": 0.7718446601941747, "eval/FB.f1": 0.7625899280575539, "eval/FB.support": 206, "eval/RPT.accuracy": 1.0, "eval/RPT.precision": 0.8333333333333334, "eval/RPT.recall": 1.0, "eval/RPT.f1": 0.9090909090909091, "eval/RPT.support": 5, "eval/THX.accuracy": 0.9, "eval/THX.precision": 0.9, "eval/THX.recall": 0.9, "eval/THX.f1": 0.9, "eval/THX.support": 10, "eval/TNK.accuracy": 0.7963709677419355, "eval/TNK.precision": 0.8624454148471615, "eval/TNK.recall": 0.7963709677419355, "eval/TNK.f1": 0.8280922431865827, "eval/TNK.support": 496, "eval/UC.accuracy": 0.7666666666666667, "eval/UC.precision": 0.8518518518518519, "eval/UC.recall": 0.7666666666666667, "eval/UC.f1": 0.8070175438596491, "eval/UC.support": 30, "eval/runtime": 3.7237, "eval/samples_per_second": 298.092, "eval/steps_per_second": 37.329, "train/epoch": 3.61, "train/global_step": 1500, "_runtime": 230, "_timestamp": 1625519511, "_step": 5, "train/loss": 0.3178, "train/learning_rate": 3.886910062333037e-05}