{"eval/loss": 1.505196452140808, "eval/avg.accuracy": 0.6379613356766256, "eval/avg.precision": 0.6400690990051409, "eval/avg.recall": 0.6379613356766256, "eval/avg.f1": 0.636440426674825, "eval/Ask.accuracy": 0.7209876543209877, "eval/Ask.precision": 0.7104622871046229, "eval/Ask.recall": 0.7209876543209877, "eval/Ask.f1": 0.7156862745098039, "eval/Ask.support": 405, "eval/Suggest.accuracy": 0.5249169435215947, "eval/Suggest.precision": 0.49842271293375395, "eval/Suggest.recall": 0.5249169435215947, "eval/Suggest.f1": 0.511326860841424, "eval/Suggest.support": 301, "eval/Direct.accuracy": 0.7269503546099291, "eval/Direct.precision": 0.6743421052631579, "eval/Direct.recall": 0.7269503546099291, "eval/Direct.f1": 0.6996587030716723, "eval/Direct.support": 282, "eval/Clarify/Verify.accuracy": 0.47333333333333333, "eval/Clarify/Verify.precision": 0.6698113207547169, "eval/Clarify/Verify.recall": 0.47333333333333333, "eval/Clarify/Verify.f1": 0.5546875, "eval/Clarify/Verify.support": 150, "eval/runtime": 3.3134, "eval/samples_per_second": 343.457, "eval/steps_per_second": 43.158, "train/epoch": 5.0, "train/global_step": 600, "_runtime": 98, "_timestamp": 1625513416, "_step": 5, "train/loss": 0.6563, "train/learning_rate": 5e-05}