{"eval/loss": 0.8910346031188965, "eval/avg.accuracy": 0.8068181818181818, "eval/avg.precision": 0.8083683911786983, "eval/avg.recall": 0.8068181818181818, "eval/avg.f1": 0.8070199325292703, "eval/Positive.accuracy": 0.8245614035087719, "eval/Positive.precision": 0.7768595041322314, "eval/Positive.recall": 0.8245614035087719, "eval/Positive.f1": 0.7999999999999999, "eval/Positive.support": 114, "eval/Neutral.accuracy": 0.7657657657657657, "eval/Neutral.precision": 0.8018867924528302, "eval/Neutral.recall": 0.7657657657657657, "eval/Neutral.f1": 0.783410138248848, "eval/Neutral.support": 111, "eval/Negative.accuracy": 0.8717948717948718, "eval/Negative.precision": 0.918918918918919, "eval/Negative.recall": 0.8717948717948718, "eval/Negative.f1": 0.8947368421052632, "eval/Negative.support": 39, "eval/runtime": 0.4815, "eval/samples_per_second": 548.276, "eval/steps_per_second": 68.535, "train/epoch": 9.0, "train/global_step": 918, "_runtime": 77, "_timestamp": 1625518095, "_step": 9, "train/loss": 0.5196, "train/learning_rate": 5e-05}