{
  "best_metric": null,
  "best_model_checkpoint": null,
  "epoch": 4.651162790697675,
  "global_step": 2000,
  "is_hyper_param_search": false,
  "is_local_process_zero": true,
  "is_world_process_zero": true,
  "log_history": [
    {
      "epoch": 1.0,
      "eval_ANS.accuracy": 0.008928571428571428,
      "eval_ANS.f1": 0.017699115044247787,
      "eval_ANS.precision": 1.0,
      "eval_ANS.recall": 0.008928571428571428,
      "eval_ANS.support": 224,
      "eval_DIR.accuracy": 0.8752759381898455,
      "eval_DIR.f1": 0.5922330097087379,
      "eval_DIR.precision": 0.44751693002257337,
      "eval_DIR.recall": 0.8752759381898455,
      "eval_DIR.support": 906,
      "eval_DRV.accuracy": 0.0,
      "eval_DRV.f1": 0.0,
      "eval_DRV.precision": 0.0,
      "eval_DRV.recall": 0.0,
      "eval_DRV.support": 234,
      "eval_FB.accuracy": 0.6920374707259953,
      "eval_FB.f1": 0.6816608996539792,
      "eval_FB.precision": 0.6715909090909091,
      "eval_FB.recall": 0.6920374707259953,
      "eval_FB.support": 854,
      "eval_INTRO.accuracy": 0.0,
      "eval_INTRO.f1": 0.0,
      "eval_INTRO.precision": 0.0,
      "eval_INTRO.recall": 0.0,
      "eval_INTRO.support": 35,
      "eval_RPT.accuracy": 0.0,
      "eval_RPT.f1": 0.0,
      "eval_RPT.precision": 0.0,
      "eval_RPT.recall": 0.0,
      "eval_RPT.support": 20,
      "eval_THX.accuracy": 0.0,
      "eval_THX.f1": 0.0,
      "eval_THX.precision": 0.0,
      "eval_THX.recall": 0.0,
      "eval_THX.support": 32,
      "eval_TNK.accuracy": 0.6004975124378109,
      "eval_TNK.f1": 0.6550881953867028,
      "eval_TNK.precision": 0.7205970149253731,
      "eval_TNK.recall": 0.6004975124378109,
      "eval_TNK.support": 2010,
      "eval_UC.accuracy": 0.680327868852459,
      "eval_UC.f1": 0.7217391304347825,
      "eval_UC.precision": 0.7685185185185185,
      "eval_UC.recall": 0.680327868852459,
      "eval_UC.support": 122,
      "eval_avg.accuracy": 0.6031102096010819,
      "eval_avg.f1": 0.5696293810031199,
      "eval_avg.precision": 0.6186946662662489,
      "eval_avg.recall": 0.6031102096010819,
      "eval_loss": 1.1085540056228638,
      "eval_runtime": 14.0348,
      "eval_samples_per_second": 316.143,
      "eval_steps_per_second": 39.545,
      "step": 430
    },
    {
      "epoch": 1.16,
      "learning_rate": 5e-05,
      "loss": 1.0897,
      "step": 500
    },
    {
      "epoch": 2.0,
      "eval_ANS.accuracy": 0.48214285714285715,
      "eval_ANS.f1": 0.4716157205240175,
      "eval_ANS.precision": 0.46153846153846156,
      "eval_ANS.recall": 0.48214285714285715,
      "eval_ANS.support": 224,
      "eval_DIR.accuracy": 0.8278145695364238,
      "eval_DIR.f1": 0.636672325976231,
      "eval_DIR.precision": 0.5172413793103449,
      "eval_DIR.recall": 0.8278145695364238,
      "eval_DIR.support": 906,
      "eval_DRV.accuracy": 0.07692307692307693,
      "eval_DRV.f1": 0.12949640287769784,
      "eval_DRV.precision": 0.4090909090909091,
      "eval_DRV.recall": 0.07692307692307693,
      "eval_DRV.support": 234,
      "eval_FB.accuracy": 0.8372365339578455,
      "eval_FB.f1": 0.6761229314420804,
      "eval_FB.precision": 0.5670103092783505,
      "eval_FB.recall": 0.8372365339578455,
      "eval_FB.support": 854,
      "eval_INTRO.accuracy": 0.0,
      "eval_INTRO.f1": 0.0,
      "eval_INTRO.precision": 0.0,
      "eval_INTRO.recall": 0.0,
      "eval_INTRO.support": 35,
      "eval_RPT.accuracy": 0.0,
      "eval_RPT.f1": 0.0,
      "eval_RPT.precision": 0.0,
      "eval_RPT.recall": 0.0,
      "eval_RPT.support": 20,
      "eval_THX.accuracy": 0.0,
      "eval_THX.f1": 0.0,
      "eval_THX.precision": 0.0,
      "eval_THX.recall": 0.0,
      "eval_THX.support": 32,
      "eval_TNK.accuracy": 0.5920398009950248,
      "eval_TNK.f1": 0.7056033204862141,
      "eval_TNK.precision": 0.8730741012472487,
      "eval_TNK.recall": 0.5920398009950248,
      "eval_TNK.support": 2010,
      "eval_UC.accuracy": 0.5655737704918032,
      "eval_UC.f1": 0.6666666666666667,
      "eval_UC.precision": 0.8117647058823529,
      "eval_UC.recall": 0.5655737704918032,
      "eval_UC.support": 122,
      "eval_avg.accuracy": 0.6423258958755916,
      "eval_avg.f1": 0.6287523547368463,
      "eval_avg.precision": 0.6774563036996594,
      "eval_avg.recall": 0.6423258958755916,
      "eval_loss": 1.021963119506836,
      "eval_runtime": 13.9212,
      "eval_samples_per_second": 318.722,
      "eval_steps_per_second": 39.867,
      "step": 860
    },
    {
      "epoch": 2.33,
      "learning_rate": 4.4635193133047216e-05,
      "loss": 0.6925,
      "step": 1000
    },
    {
      "epoch": 3.0,
      "eval_ANS.accuracy": 0.12053571428571429,
      "eval_ANS.f1": 0.18493150684931509,
      "eval_ANS.precision": 0.39705882352941174,
      "eval_ANS.recall": 0.12053571428571429,
      "eval_ANS.support": 224,
      "eval_DIR.accuracy": 0.8013245033112583,
      "eval_DIR.f1": 0.6207781103035485,
      "eval_DIR.precision": 0.5066294487090021,
      "eval_DIR.recall": 0.8013245033112583,
      "eval_DIR.support": 906,
      "eval_DRV.accuracy": 0.7051282051282052,
      "eval_DRV.f1": 0.7081545064377682,
      "eval_DRV.precision": 0.7112068965517241,
      "eval_DRV.recall": 0.7051282051282052,
      "eval_DRV.support": 234,
      "eval_FB.accuracy": 0.7482435597189696,
      "eval_FB.f1": 0.7135678391959799,
      "eval_FB.precision": 0.6819637139807898,
      "eval_FB.recall": 0.7482435597189696,
      "eval_FB.support": 854,
      "eval_INTRO.accuracy": 0.0,
      "eval_INTRO.f1": 0.0,
      "eval_INTRO.precision": 0.0,
      "eval_INTRO.recall": 0.0,
      "eval_INTRO.support": 35,
      "eval_RPT.accuracy": 0.35,
      "eval_RPT.f1": 0.19178082191780824,
      "eval_RPT.precision": 0.1320754716981132,
      "eval_RPT.recall": 0.35,
      "eval_RPT.support": 20,
      "eval_THX.accuracy": 0.0,
      "eval_THX.f1": 0.0,
      "eval_THX.precision": 0.0,
      "eval_THX.recall": 0.0,
      "eval_THX.support": 32,
      "eval_TNK.accuracy": 0.6199004975124378,
      "eval_TNK.f1": 0.6990182328190744,
      "eval_TNK.precision": 0.8012861736334406,
      "eval_TNK.recall": 0.6199004975124378,
      "eval_TNK.support": 2010,
      "eval_UC.accuracy": 0.7868852459016393,
      "eval_UC.f1": 0.6832740213523132,
      "eval_UC.precision": 0.6037735849056604,
      "eval_UC.recall": 0.7868852459016393,
      "eval_UC.support": 122,
      "eval_avg.accuracy": 0.6549470362857787,
      "eval_avg.f1": 0.6470963285234942,
      "eval_avg.precision": 0.6724484963554903,
      "eval_avg.recall": 0.6549470362857787,
      "eval_loss": 1.1546499729156494,
      "eval_runtime": 14.5542,
      "eval_samples_per_second": 304.86,
      "eval_steps_per_second": 38.133,
      "step": 1290
    },
    {
      "epoch": 3.49,
      "learning_rate": 3.927038626609442e-05,
      "loss": 0.4535,
      "step": 1500
    },
    {
      "epoch": 4.0,
      "eval_ANS.accuracy": 0.32142857142857145,
      "eval_ANS.f1": 0.42105263157894735,
      "eval_ANS.precision": 0.6101694915254238,
      "eval_ANS.recall": 0.32142857142857145,
      "eval_ANS.support": 224,
      "eval_DIR.accuracy": 0.8024282560706402,
      "eval_DIR.f1": 0.694696607740086,
      "eval_DIR.precision": 0.6124684077506318,
      "eval_DIR.recall": 0.8024282560706402,
      "eval_DIR.support": 906,
      "eval_DRV.accuracy": 0.6068376068376068,
      "eval_DRV.f1": 0.6826923076923076,
      "eval_DRV.precision": 0.7802197802197802,
      "eval_DRV.recall": 0.6068376068376068,
      "eval_DRV.support": 234,
      "eval_FB.accuracy": 0.7306791569086651,
      "eval_FB.f1": 0.7127355796687608,
      "eval_FB.precision": 0.6956521739130435,
      "eval_FB.recall": 0.7306791569086651,
      "eval_FB.support": 854,
      "eval_INTRO.accuracy": 0.0,
      "eval_INTRO.f1": 0.0,
      "eval_INTRO.precision": 0.0,
      "eval_INTRO.recall": 0.0,
      "eval_INTRO.support": 35,
      "eval_RPT.accuracy": 0.25,
      "eval_RPT.f1": 0.30303030303030304,