{"eval/loss": 1.1594891548156738, "eval/avg.accuracy": 0.6847457627118644, "eval/avg.precision": 0.6858816790702118, "eval/avg.recall": 0.6847457627118644, "eval/avg.f1": 0.6770668917698797, "eval/Ask.accuracy": 0.7757009345794392, "eval/Ask.precision": 0.8058252427184466, "eval/Ask.recall": 0.7757009345794392, "eval/Ask.f1": 0.7904761904761904, "eval/Ask.support": 107, "eval/Suggest.accuracy": 0.43820224719101125, "eval/Suggest.precision": 0.609375, "eval/Suggest.recall": 0.43820224719101125, "eval/Suggest.f1": 0.5098039215686275, "eval/Suggest.support": 89, "eval/Direct.accuracy": 0.8194444444444444, "eval/Direct.precision": 0.6344086021505376, "eval/Direct.recall": 0.8194444444444444, "eval/Direct.f1": 0.7151515151515151, "eval/Direct.support": 72, "eval/Clarify/Verify.accuracy": 0.7777777777777778, "eval/Clarify/Verify.precision": 0.6, "eval/Clarify/Verify.recall": 0.7777777777777778, "eval/Clarify/Verify.f1": 0.6774193548387097, "eval/Clarify/Verify.support": 27, "eval/runtime": 0.6343, "eval/samples_per_second": 465.086, "eval/steps_per_second": 58.333, "train/epoch": 1.0, "train/global_step": 106, "_runtime": 14, "_timestamp": 1625088613, "_step": 0}