{"eval/loss": 0.9369967579841614, "eval/avg.accuracy": 0.5506035283194057, "eval/avg.precision": 0.6151864491371949, "eval/avg.recall": 0.5506035283194057, "eval/avg.f1": 0.5004033426326479, "eval/Positive.accuracy": 0.2135523613963039, "eval/Positive.precision": 0.7272727272727273, "eval/Positive.recall": 0.2135523613963039, "eval/Positive.f1": 0.33015873015873015, "eval/Positive.support": 487, "eval/Neutral.accuracy": 0.8680089485458613, "eval/Neutral.precision": 0.5388888888888889, "eval/Neutral.recall": 0.8680089485458613, "eval/Neutral.f1": 0.6649528706083976, "eval/Neutral.support": 447, "eval/Negative.accuracy": 0.7062937062937062, "eval/Negative.precision": 0.4719626168224299, "eval/Negative.recall": 0.7062937062937062, "eval/Negative.f1": 0.5658263305322128, "eval/Negative.support": 143, "eval/runtime": 1.754, "eval/samples_per_second": 614.009, "eval/steps_per_second": 76.965, "train/epoch": 1.0, "train/global_step": 117, "_runtime": 15, "_timestamp": 1625092719, "_step": 0}