{"eval/loss": 0.9877395629882812, "eval/avg.accuracy": 0.803030303030303, "eval/avg.precision": 0.8064777963971513, "eval/avg.recall": 0.803030303030303, "eval/avg.f1": 0.8035057593881123, "eval/Positive.accuracy": 0.8333333333333334, "eval/Positive.precision": 0.7661290322580645, "eval/Positive.recall": 0.8333333333333334, "eval/Positive.f1": 0.7983193277310924, "eval/Positive.support": 114, "eval/Neutral.accuracy": 0.7567567567567568, "eval/Neutral.precision": 0.8, "eval/Neutral.recall": 0.7567567567567568, "eval/Neutral.f1": 0.7777777777777778, "eval/Neutral.support": 111, "eval/Negative.accuracy": 0.8461538461538461, "eval/Negative.precision": 0.9428571428571428, "eval/Negative.recall": 0.8461538461538461, "eval/Negative.f1": 0.8918918918918919, "eval/Negative.support": 39, "eval/runtime": 0.4734, "eval/samples_per_second": 557.675, "eval/steps_per_second": 69.709, "train/epoch": 12.0, "train/global_step": 1224, "_runtime": 104, "_timestamp": 1625521459, "_step": 14, "train/loss": 0.2163, "train/learning_rate": 1.5469613259668508e-05, "train/train_runtime": 100.0638, "train/train_samples_per_second": 97.498, "train/train_steps_per_second": 12.232, "train/total_flos": 269169072614064.0, "train/train_loss": 0.32940326952466775}