{"eval/loss": 1.0774550437927246, "eval/avg.accuracy": 0.6150552174892946, "eval/avg.precision": 0.5744742219605992, "eval/avg.recall": 0.6150552174892946, "eval/avg.f1": 0.5797288793032217, "eval/INTRO.accuracy": 0.0, "eval/INTRO.precision": 0.0, "eval/INTRO.recall": 0.0, "eval/INTRO.f1": 0.0, "eval/INTRO.support": 35, "eval/ANS.accuracy": 0.0, "eval/ANS.precision": 0.0, "eval/ANS.recall": 0.0, "eval/ANS.f1": 0.0, "eval/ANS.support": 224, "eval/DIR.accuracy": 0.8719646799116998, "eval/DIR.precision": 0.46280023432923256, "eval/DIR.recall": 0.8719646799116998, "eval/DIR.f1": 0.604668962877918, "eval/DIR.support": 906, "eval/DRV.accuracy": 0.0, "eval/DRV.precision": 0.0, "eval/DRV.recall": 0.0, "eval/DRV.f1": 0.0, "eval/DRV.support": 234, "eval/FB.accuracy": 0.7072599531615925, "eval/FB.precision": 0.6711111111111111, "eval/FB.recall": 0.7072599531615925, "eval/FB.f1": 0.6887115165336374, "eval/FB.support": 854, "eval/RPT.accuracy": 0.0, "eval/RPT.precision": 0.0, "eval/RPT.recall": 0.0, "eval/RPT.f1": 0.0, "eval/RPT.support": 20, "eval/THX.accuracy": 0.0, "eval/THX.precision": 0.0, "eval/THX.recall": 0.0, "eval/THX.f1": 0.0, "eval/THX.support": 32, "eval/TNK.accuracy": 0.6199004975124378, "eval/TNK.precision": 0.7325102880658436, "eval/TNK.recall": 0.6199004975124378, "eval/TNK.f1": 0.6715171112907572, "eval/TNK.support": 2010, "eval/UC.accuracy": 0.7295081967213115, "eval/UC.precision": 0.689922480620155, "eval/UC.recall": 0.7295081967213115, "eval/UC.f1": 0.7091633466135459, "eval/UC.support": 122, "eval/runtime": 23.1672, "eval/samples_per_second": 191.521, "eval/steps_per_second": 23.956, "train/epoch": 1.16, "train/global_step": 500, "_runtime": 96, "_timestamp": 1625515001, "_step": 1, "train/loss": 1.0834, "train/learning_rate": 5e-05}