{"eval/loss": 1.558262825012207, "eval/avg.accuracy": 0.7595171773444754, "eval/avg.precision": 0.7680559341636333, "eval/avg.recall": 0.7595171773444754, "eval/avg.f1": 0.7604050847476398, "eval/Positive.accuracy": 0.6960985626283368, "eval/Positive.precision": 0.7883720930232558, "eval/Positive.recall": 0.6960985626283368, "eval/Positive.f1": 0.7393675027262815, "eval/Positive.support": 487, "eval/Neutral.accuracy": 0.8031319910514542, "eval/Neutral.precision": 0.6917148362235067, "eval/Neutral.recall": 0.8031319910514542, "eval/Neutral.f1": 0.7432712215320911, "eval/Neutral.support": 447, "eval/Negative.accuracy": 0.8391608391608392, "eval/Negative.precision": 0.9375, "eval/Negative.recall": 0.8391608391608392, "eval/Negative.f1": 0.8856088560885609, "eval/Negative.support": 143, "eval/runtime": 1.7371, "eval/samples_per_second": 620.013, "eval/steps_per_second": 77.717, "train/epoch": 12.0, "train/global_step": 1404, "_runtime": 116, "_timestamp": 1625093257, "_step": 14, "train/loss": 0.1614, "train/learning_rate": 2.234513274336283e-05, "train/train_runtime": 109.1458, "train/train_samples_per_second": 102.578, "train/train_steps_per_second": 12.864, "train/total_flos": 257415687524520.0, "train/train_loss": 0.2581643569163787}