{"eval/loss": 0.21834586560726166, "eval/avg.accuracy": 0.9508196721311475, "eval/avg.precision": 0.9621389539422326, "eval/avg.recall": 0.9508196721311475, "eval/avg.f1": 0.9534377810057412, "eval/Me.accuracy": 0.926829268292683, "eval/Me.precision": 1.0, "eval/Me.recall": 0.926829268292683, "eval/Me.f1": 0.9620253164556963, "eval/Me.support": 41, "eval/You.accuracy": 1.0, "eval/You.precision": 0.9047619047619048, "eval/You.recall": 1.0, "eval/You.f1": 0.9500000000000001, "eval/You.support": 19, "eval/Either.accuracy": 1.0, "eval/Either.precision": 0.5, "eval/Either.recall": 1.0, "eval/Either.f1": 0.6666666666666666, "eval/Either.support": 1, "eval/runtime": 0.1442, "eval/samples_per_second": 422.99, "eval/steps_per_second": 55.474, "train/epoch": 12.0, "train/global_step": 264, "_runtime": 23, "_timestamp": 1625091630, "_step": 12, "train/train_runtime": 16.7087, "train/train_samples_per_second": 124.247, "train/train_steps_per_second": 15.8, "train/total_flos": 50458362144984.0, "train/train_loss": 0.389876972545277}