{"eval/loss": 0.620964765548706, "eval/avg.accuracy": 0.8, "eval/avg.precision": 0.8039399920174883, "eval/avg.recall": 0.8, "eval/avg.f1": 0.8007288588234623, "eval/Positive.accuracy": 0.7777777777777778, "eval/Positive.precision": 0.8099173553719008, "eval/Positive.recall": 0.7777777777777778, "eval/Positive.f1": 0.7935222672064778, "eval/Positive.support": 126, "eval/Neutral.accuracy": 0.8214285714285714, "eval/Neutral.precision": 0.7540983606557377, "eval/Neutral.recall": 0.8214285714285714, "eval/Neutral.f1": 0.7863247863247863, "eval/Neutral.support": 112, "eval/Negative.accuracy": 0.8095238095238095, "eval/Negative.precision": 0.918918918918919, "eval/Negative.recall": 0.8095238095238095, "eval/Negative.f1": 0.860759493670886, "eval/Negative.support": 42, "eval/runtime": 0.4989, "eval/samples_per_second": 561.238, "eval/steps_per_second": 70.155, "train/epoch": 2.0, "train/global_step": 200, "_runtime": 18, "_timestamp": 1625093279, "_step": 1}