{"eval/loss": 1.19454026222229, "eval/avg.accuracy": 0.632630410654828, "eval/avg.precision": 0.6159786745009063, "eval/avg.recall": 0.632630410654828, "eval/avg.f1": 0.594332447800339, "eval/Goal.accuracy": 0.8232931726907631, "eval/Goal.precision": 0.7068965517241379, "eval/Goal.recall": 0.8232931726907631, "eval/Goal.f1": 0.7606679035250463, "eval/Goal.support": 249, "eval/Read.accuracy": 0.0, "eval/Read.precision": 0.0, "eval/Read.recall": 0.0, "eval/Read.f1": 0.0, "eval/Read.support": 14, "eval/Location.accuracy": 0.031914893617021274, "eval/Location.precision": 0.6, "eval/Location.recall": 0.031914893617021274, "eval/Location.f1": 0.0606060606060606, "eval/Location.support": 94, "eval/Stop.accuracy": 0.0, "eval/Stop.precision": 0.0, "eval/Stop.recall": 0.0, "eval/Stop.f1": 0.0, "eval/Stop.support": 14, "eval/Code.accuracy": 0.6666666666666666, "eval/Code.precision": 0.6274509803921569, "eval/Code.recall": 0.6666666666666666, "eval/Code.f1": 0.6464646464646465, "eval/Code.support": 288, "eval/Idea.accuracy": 0.5866666666666667, "eval/Idea.precision": 0.43781094527363185, "eval/Idea.recall": 0.5866666666666667, "eval/Idea.f1": 0.5014245014245015, "eval/Idea.support": 150, "eval/Run Code.accuracy": 0.8913043478260869, "eval/Run Code.precision": 0.8282828282828283, "eval/Run Code.recall": 0.8913043478260869, "eval/Run Code.f1": 0.8586387434554974, "eval/Run Code.support": 92, "eval/runtime": 1.8216, "eval/samples_per_second": 494.621, "eval/steps_per_second": 62.034, "train/epoch": 4.35, "train/global_step": 500, "_runtime": 52, "_timestamp": 1625090972, "_step": 4, "train/loss": 1.0669, "train/learning_rate": 5e-05}