{"eval/loss": 1.9251450300216675, "eval/avg.accuracy": 0.632630410654828, "eval/avg.precision": 0.6361950599850833, "eval/avg.recall": 0.632630410654828, "eval/avg.f1": 0.6144655581298166, "eval/Goal.accuracy": 0.8232931726907631, "eval/Goal.precision": 0.6346749226006192, "eval/Goal.recall": 0.8232931726907631, "eval/Goal.f1": 0.7167832167832168, "eval/Goal.support": 249, "eval/Read.accuracy": 0.7857142857142857, "eval/Read.precision": 0.4782608695652174, "eval/Read.recall": 0.7857142857142857, "eval/Read.f1": 0.5945945945945946, "eval/Read.support": 14, "eval/Location.accuracy": 0.20212765957446807, "eval/Location.precision": 0.6785714285714286, "eval/Location.recall": 0.20212765957446807, "eval/Location.f1": 0.3114754098360656, "eval/Location.support": 94, "eval/Stop.accuracy": 0.0, "eval/Stop.precision": 0.0, "eval/Stop.recall": 0.0, "eval/Stop.f1": 0.0, "eval/Stop.support": 14, "eval/Code.accuracy": 0.5555555555555556, "eval/Code.precision": 0.6530612244897959, "eval/Code.recall": 0.5555555555555556, "eval/Code.f1": 0.6003752345215759, "eval/Code.support": 288, "eval/Idea.accuracy": 0.6, "eval/Idea.precision": 0.4712041884816754, "eval/Idea.recall": 0.6, "eval/Idea.f1": 0.5278592375366569, "eval/Idea.support": 150, "eval/Run Code.accuracy": 0.9239130434782609, "eval/Run Code.precision": 0.9340659340659341, "eval/Run Code.recall": 0.9239130434782609, "eval/Run Code.f1": 0.9289617486338797, "eval/Run Code.support": 92, "eval/runtime": 2.6138, "eval/samples_per_second": 344.705, "eval/steps_per_second": 43.232, "train/epoch": 7.0, "train/global_step": 805, "_runtime": 126, "_timestamp": 1625517441, "_step": 7, "train/loss": 0.9852, "train/learning_rate": 5e-05}