{"eval/loss": 1.3856679201126099, "eval/avg.accuracy": 0.5782463928967814, "eval/avg.precision": 0.520757940295644, "eval/avg.recall": 0.5782463928967814, "eval/avg.f1": 0.5303840278319089, "eval/Goal.accuracy": 0.8755020080321285, "eval/Goal.precision": 0.6089385474860335, "eval/Goal.recall": 0.8755020080321285, "eval/Goal.f1": 0.7182866556836903, "eval/Goal.support": 249, "eval/Read.accuracy": 0.21428571428571427, "eval/Read.precision": 1.0, "eval/Read.recall": 0.21428571428571427, "eval/Read.f1": 0.35294117647058826, "eval/Read.support": 14, "eval/Location.accuracy": 0.0, "eval/Location.precision": 0.0, "eval/Location.recall": 0.0, "eval/Location.f1": 0.0, "eval/Location.support": 94, "eval/Stop.accuracy": 0.0, "eval/Stop.precision": 0.0, "eval/Stop.recall": 0.0, "eval/Stop.f1": 0.0, "eval/Stop.support": 14, "eval/Code.accuracy": 0.4513888888888889, "eval/Code.precision": 0.625, "eval/Code.recall": 0.4513888888888889, "eval/Code.f1": 0.5241935483870969, "eval/Code.support": 288, "eval/Idea.accuracy": 0.56, "eval/Idea.precision": 0.4117647058823529, "eval/Idea.recall": 0.56, "eval/Idea.f1": 0.4745762711864407, "eval/Idea.support": 150, "eval/Run Code.accuracy": 0.9347826086956522, "eval/Run Code.precision": 0.671875, "eval/Run Code.recall": 0.9347826086956522, "eval/Run Code.f1": 0.7818181818181819, "eval/Run Code.support": 92, "eval/runtime": 1.8219, "eval/samples_per_second": 494.544, "eval/steps_per_second": 62.024, "train/epoch": 4.35, "train/global_step": 500, "_runtime": 51, "_timestamp": 1625090012, "_step": 4, "train/loss": 1.0019, "train/learning_rate": 5e-05}