{"eval/loss": 1.789077877998352, "eval/avg.accuracy": 0.7226890756302521, "eval/avg.precision": 0.7252181469602766, "eval/avg.recall": 0.7226890756302521, "eval/avg.f1": 0.7207813299692467, "eval/Goal.accuracy": 0.7183098591549296, "eval/Goal.precision": 0.7611940298507462, "eval/Goal.recall": 0.7183098591549296, "eval/Goal.f1": 0.7391304347826085, "eval/Goal.support": 71, "eval/Read.accuracy": 0.25, "eval/Read.precision": 0.5, "eval/Read.recall": 0.25, "eval/Read.f1": 0.3333333333333333, "eval/Read.support": 4, "eval/Location.accuracy": 0.7931034482758621, "eval/Location.precision": 0.7931034482758621, "eval/Location.recall": 0.7931034482758621, "eval/Location.f1": 0.7931034482758621, "eval/Location.support": 29, "eval/Stop.accuracy": 0.5, "eval/Stop.precision": 1.0, "eval/Stop.recall": 0.5, "eval/Stop.f1": 0.6666666666666666, "eval/Stop.support": 4, "eval/Code.accuracy": 0.7704918032786885, "eval/Code.precision": 0.6714285714285714, "eval/Code.recall": 0.7704918032786885, "eval/Code.f1": 0.7175572519083969, "eval/Code.support": 61, "eval/Idea.accuracy": 0.5869565217391305, "eval/Idea.precision": 0.6, "eval/Idea.recall": 0.5869565217391305, "eval/Idea.f1": 0.5934065934065934, "eval/Idea.support": 46, "eval/Run Code.accuracy": 0.9130434782608695, "eval/Run Code.precision": 0.9130434782608695, "eval/Run Code.recall": 0.9130434782608695, "eval/Run Code.f1": 0.9130434782608695, "eval/Run Code.support": 23, "eval/runtime": 0.5285, "eval/samples_per_second": 450.346, "eval/steps_per_second": 56.766, "train/epoch": 12.0, "train/global_step": 996, "_runtime": 78, "_timestamp": 1625090432, "_step": 13, "train/loss": 0.6336, "train/learning_rate": 5e-05, "train/train_runtime": 71.586, "train/train_samples_per_second": 111.139, "train/train_steps_per_second": 13.913, "train/total_flos": 324043072634736.0, "train/train_loss": 0.3949704457478351}