{"eval/loss": 0.8981612324714661, "eval/avg.accuracy": 0.7790262172284644, "eval/avg.precision": 0.797796956164157, "eval/avg.recall": 0.7790262172284644, "eval/avg.f1": 0.782964735519676, "eval/Ask.accuracy": 0.7767857142857143, "eval/Ask.precision": 0.9456521739130435, "eval/Ask.recall": 0.7767857142857143, "eval/Ask.f1": 0.8529411764705882, "eval/Ask.support": 112, "eval/Suggest.accuracy": 0.7142857142857143, "eval/Suggest.precision": 0.6493506493506493, "eval/Suggest.recall": 0.7142857142857143, "eval/Suggest.f1": 0.6802721088435373, "eval/Suggest.support": 70, "eval/Direct.accuracy": 0.8032786885245902, "eval/Direct.precision": 0.7313432835820896, "eval/Direct.recall": 0.8032786885245902, "eval/Direct.f1": 0.765625, "eval/Direct.support": 61, "eval/Clarify/Verify.accuracy": 0.9166666666666666, "eval/Clarify/Verify.precision": 0.7096774193548387, "eval/Clarify/Verify.recall": 0.9166666666666666, "eval/Clarify/Verify.f1": 0.7999999999999999, "eval/Clarify/Verify.support": 24, "eval/runtime": 0.6463, "eval/samples_per_second": 413.138, "eval/steps_per_second": 52.609, "train/epoch": 4.59, "train/global_step": 500, "_runtime": 37, "_timestamp": 1625089170, "_step": 4, "train/loss": 0.7964, "train/learning_rate": 5e-05}