{"eval/loss": 1.0648571252822876, "eval/avg.accuracy": 0.41025641025641024, "eval/avg.precision": 0.18942120257909734, "eval/avg.recall": 0.41025641025641024, "eval/avg.f1": 0.2514855185300529, "eval/Me.accuracy": 0.0, "eval/Me.precision": 0.0, "eval/Me.recall": 0.0, "eval/Me.f1": 0.0, "eval/Me.support": 124, "eval/You.accuracy": 0.9690721649484536, "eval/You.precision": 0.41228070175438597, "eval/You.recall": 0.9690721649484536, "eval/You.f1": 0.5784615384615384, "eval/You.support": 97, "eval/Either.accuracy": 0.15384615384615385, "eval/Either.precision": 0.3333333333333333, "eval/Either.recall": 0.15384615384615385, "eval/Either.f1": 0.21052631578947367, "eval/Either.support": 13, "eval/runtime": 0.4528, "eval/samples_per_second": 516.784, "eval/steps_per_second": 66.254, "train/epoch": 12.0, "train/global_step": 60, "_runtime": 15, "_timestamp": 1625091651, "_step": 12, "train/train_runtime": 9.147, "train/train_samples_per_second": 47.229, "train/train_steps_per_second": 6.56, "train/total_flos": 7945950483072.0, "train/train_loss": 1.0831888834635417}