{"eval/loss": 1.4490267038345337, "eval/avg.accuracy": 0.7511606313834726, "eval/avg.precision": 0.7610505049600991, "eval/avg.recall": 0.7511606313834726, "eval/avg.f1": 0.7523754780421847, "eval/Positive.accuracy": 0.6899383983572895, "eval/Positive.precision": 0.7850467289719626, "eval/Positive.recall": 0.6899383983572895, "eval/Positive.f1": 0.7344262295081966, "eval/Positive.support": 487, "eval/Neutral.accuracy": 0.7941834451901566, "eval/Neutral.precision": 0.6787762906309751, "eval/Neutral.recall": 0.7941834451901566, "eval/Neutral.f1": 0.7319587628865979, "eval/Neutral.support": 447, "eval/Negative.accuracy": 0.8251748251748252, "eval/Negative.precision": 0.9365079365079365, "eval/Negative.recall": 0.8251748251748252, "eval/Negative.f1": 0.8773234200743495, "eval/Negative.support": 143, "eval/runtime": 2.1947, "eval/samples_per_second": 490.736, "eval/steps_per_second": 61.513, "train/epoch": 12.0, "train/global_step": 1404, "_runtime": 128, "_timestamp": 1625521352, "_step": 14, "train/loss": 0.1635, "train/learning_rate": 2.234513274336283e-05, "train/train_runtime": 124.9856, "train/train_samples_per_second": 89.578, "train/train_steps_per_second": 11.233, "train/total_flos": 257415687524520.0, "train/train_loss": 0.25524124188980146}