{"eval/loss": 0.7861759066581726, "eval/avg.accuracy": 0.7639639639639639, "eval/avg.precision": 0.7787738265586104, "eval/avg.recall": 0.7639639639639639, "eval/avg.f1": 0.7636940107452129, "eval/INTRO.accuracy": 0.6923076923076923, "eval/INTRO.precision": 0.6, "eval/INTRO.recall": 0.6923076923076923, "eval/INTRO.f1": 0.6428571428571429, "eval/INTRO.support": 13, "eval/ANS.accuracy": 0.4827586206896552, "eval/ANS.precision": 0.5833333333333334, "eval/ANS.recall": 0.4827586206896552, "eval/ANS.f1": 0.5283018867924529, "eval/ANS.support": 58, "eval/DIR.accuracy": 0.9047619047619048, "eval/DIR.precision": 0.6470588235294118, "eval/DIR.recall": 0.9047619047619048, "eval/DIR.f1": 0.7545126353790614, "eval/DIR.support": 231, "eval/DRV.accuracy": 0.8524590163934426, "eval/DRV.precision": 0.7323943661971831, "eval/DRV.recall": 0.8524590163934426, "eval/DRV.f1": 0.787878787878788, "eval/DRV.support": 61, "eval/FB.accuracy": 0.6601941747572816, "eval/FB.precision": 0.7906976744186046, "eval/FB.recall": 0.6601941747572816, "eval/FB.f1": 0.7195767195767196, "eval/FB.support": 206, "eval/RPT.accuracy": 1.0, "eval/RPT.precision": 0.8333333333333334, "eval/RPT.recall": 1.0, "eval/RPT.f1": 0.9090909090909091, "eval/RPT.support": 5, "eval/THX.accuracy": 0.6, "eval/THX.precision": 0.8571428571428571, "eval/THX.recall": 0.6, "eval/THX.f1": 0.7058823529411764, "eval/THX.support": 10, "eval/TNK.accuracy": 0.7641129032258065, "eval/TNK.precision": 0.8633257403189066, "eval/TNK.recall": 0.7641129032258065, "eval/TNK.f1": 0.8106951871657754, "eval/TNK.support": 496, "eval/UC.accuracy": 0.8, "eval/UC.precision": 0.8275862068965517, "eval/UC.recall": 0.8, "eval/UC.f1": 0.8135593220338982, "eval/UC.support": 30, "eval/runtime": 3.77, "eval/samples_per_second": 294.429, "eval/steps_per_second": 36.87, "train/epoch": 1.2, "train/global_step": 500, "_runtime": 76, "_timestamp": 1625516035, "_step": 1, "train/loss": 0.951, "train/learning_rate": 5e-05}