{"eval/loss": 1.0666260719299316, "eval/avg.accuracy": 0.7554585152838428, "eval/avg.precision": 0.7591939449775436, "eval/avg.recall": 0.7554585152838428, "eval/avg.f1": 0.751790566554288, "eval/Goal.accuracy": 0.8985507246376812, "eval/Goal.precision": 0.775, "eval/Goal.recall": 0.8985507246376812, "eval/Goal.f1": 0.8322147651006713, "eval/Goal.support": 69, "eval/Read.accuracy": 0.5714285714285714, "eval/Read.precision": 1.0, "eval/Read.recall": 0.5714285714285714, "eval/Read.f1": 0.7272727272727273, "eval/Read.support": 7, "eval/Location.accuracy": 0.7272727272727273, "eval/Location.precision": 0.6956521739130435, "eval/Location.recall": 0.7272727272727273, "eval/Location.f1": 0.711111111111111, "eval/Location.support": 22, "eval/Stop.accuracy": 0.5, "eval/Stop.precision": 1.0, "eval/Stop.recall": 0.5, "eval/Stop.f1": 0.6666666666666666, "eval/Stop.support": 2, "eval/Code.accuracy": 0.7586206896551724, "eval/Code.precision": 0.7213114754098361, "eval/Code.recall": 0.7586206896551724, "eval/Code.f1": 0.7394957983193277, "eval/Code.support": 58, "eval/Idea.accuracy": 0.5238095238095238, "eval/Idea.precision": 0.6285714285714286, "eval/Idea.recall": 0.5238095238095238, "eval/Idea.f1": 0.5714285714285715, "eval/Idea.support": 42, "eval/Run Code.accuracy": 0.8275862068965517, "eval/Run Code.precision": 0.96, "eval/Run Code.recall": 0.8275862068965517, "eval/Run Code.f1": 0.888888888888889, "eval/Run Code.support": 29, "eval/runtime": 0.6222, "eval/samples_per_second": 368.023, "eval/steps_per_second": 46.606, "train/epoch": 4.0, "train/global_step": 336, "_runtime": 37, "_timestamp": 1625517568, "_step": 3}