{"eval/loss": 0.8189188241958618, "eval/avg.accuracy": 0.8083623693379791, "eval/avg.precision": 0.8090042948937746, "eval/avg.recall": 0.8083623693379791, "eval/avg.f1": 0.8086360668482807, "eval/Positive.accuracy": 0.8076923076923077, "eval/Positive.precision": 0.813953488372093, "eval/Positive.recall": 0.8076923076923077, "eval/Positive.f1": 0.8108108108108109, "eval/Positive.support": 130, "eval/Neutral.accuracy": 0.7807017543859649, "eval/Neutral.precision": 0.7672413793103449, "eval/Neutral.recall": 0.7807017543859649, "eval/Neutral.f1": 0.773913043478261, "eval/Neutral.support": 114, "eval/Negative.accuracy": 0.8837209302325582, "eval/Negative.precision": 0.9047619047619048, "eval/Negative.recall": 0.8837209302325582, "eval/Negative.f1": 0.8941176470588236, "eval/Negative.support": 43, "eval/runtime": 0.5282, "eval/samples_per_second": 543.355, "eval/steps_per_second": 68.156, "train/epoch": 12.0, "train/global_step": 1188, "_runtime": 88, "_timestamp": 1625092698, "_step": 14, "train/loss": 0.2295, "train/learning_rate": 1.3662790697674418e-05, "train/train_runtime": 81.5644, "train/train_samples_per_second": 116.227, "train/train_steps_per_second": 14.565, "train/total_flos": 261554203401120.0, "train/train_loss": 0.34424895951242157}