{
  "best_metric": null,
  "best_model_checkpoint": null,
  "epoch": 1.1627906976744187,
  "global_step": 500,
  "is_hyper_param_search": false,
  "is_local_process_zero": true,
  "is_world_process_zero": true,
  "log_history": [
    {
      "epoch": 1.0,
      "eval_ANS.accuracy": 0.0,
      "eval_ANS.f1": 0.0,
      "eval_ANS.precision": 0.0,
      "eval_ANS.recall": 0.0,
      "eval_ANS.support": 224,
      "eval_DIR.accuracy": 0.8719646799116998,
      "eval_DIR.f1": 0.604668962877918,
      "eval_DIR.precision": 0.46280023432923256,
      "eval_DIR.recall": 0.8719646799116998,
      "eval_DIR.support": 906,
      "eval_DRV.accuracy": 0.0,
      "eval_DRV.f1": 0.0,
      "eval_DRV.precision": 0.0,
      "eval_DRV.recall": 0.0,
      "eval_DRV.support": 234,
      "eval_FB.accuracy": 0.7072599531615925,
      "eval_FB.f1": 0.6887115165336374,
      "eval_FB.precision": 0.6711111111111111,
      "eval_FB.recall": 0.7072599531615925,
      "eval_FB.support": 854,
      "eval_INTRO.accuracy": 0.0,
      "eval_INTRO.f1": 0.0,
      "eval_INTRO.precision": 0.0,
      "eval_INTRO.recall": 0.0,
      "eval_INTRO.support": 35,
      "eval_RPT.accuracy": 0.0,
      "eval_RPT.f1": 0.0,
      "eval_RPT.precision": 0.0,
      "eval_RPT.recall": 0.0,
      "eval_RPT.support": 20,
      "eval_THX.accuracy": 0.0,
      "eval_THX.f1": 0.0,
      "eval_THX.precision": 0.0,
      "eval_THX.recall": 0.0,
      "eval_THX.support": 32,
      "eval_TNK.accuracy": 0.6199004975124378,
      "eval_TNK.f1": 0.6715171112907572,
      "eval_TNK.precision": 0.7325102880658436,
      "eval_TNK.recall": 0.6199004975124378,
      "eval_TNK.support": 2010,
      "eval_UC.accuracy": 0.7295081967213115,
      "eval_UC.f1": 0.7091633466135459,
      "eval_UC.precision": 0.689922480620155,
      "eval_UC.recall": 0.7295081967213115,
      "eval_UC.support": 122,
      "eval_avg.accuracy": 0.6150552174892946,
      "eval_avg.f1": 0.5797288793032217,
      "eval_avg.precision": 0.5744742219605992,
      "eval_avg.recall": 0.6150552174892946,
      "eval_loss": 1.0774550437927246,
      "eval_runtime": 23.1672,
      "eval_samples_per_second": 191.521,
      "eval_steps_per_second": 23.956,
      "step": 430
    },
    {
      "epoch": 1.16,
      "learning_rate": 5e-05,
      "loss": 1.0834,
      "step": 500
    }
  ],
  "max_steps": 5160,
  "num_train_epochs": 12,
  "total_flos": 377732349970272.0,
  "trial_name": null,
  "trial_params": null
}
