{"eval/loss": 1.057073950767517, "eval/avg.accuracy": 0.7743055555555556, "eval/avg.precision": 0.7763631687242799, "eval/avg.recall": 0.7743055555555556, "eval/avg.f1": 0.7728144826035026, "eval/Positive.accuracy": 0.8095238095238095, "eval/Positive.precision": 0.7285714285714285, "eval/Positive.recall": 0.8095238095238095, "eval/Positive.f1": 0.7669172932330828, "eval/Positive.support": 126, "eval/Neutral.accuracy": 0.6854838709677419, "eval/Neutral.precision": 0.7870370370370371, "eval/Neutral.recall": 0.6854838709677419, "eval/Neutral.f1": 0.7327586206896551, "eval/Neutral.support": 124, "eval/Negative.accuracy": 0.9473684210526315, "eval/Negative.precision": 0.9, "eval/Negative.recall": 0.9473684210526315, "eval/Negative.f1": 0.9230769230769231, "eval/Negative.support": 38, "eval/runtime": 0.5158, "eval/samples_per_second": 558.332, "eval/steps_per_second": 69.792, "train/epoch": 12.0, "train/global_step": 1188, "_runtime": 90, "_timestamp": 1625093134, "_step": 14, "train/loss": 0.2093, "train/learning_rate": 1.3662790697674418e-05, "train/train_runtime": 83.4342, "train/train_samples_per_second": 113.479, "train/train_steps_per_second": 14.239, "train/total_flos": 261223122130992.0, "train/train_loss": 0.31454159033418905}