{"eval/loss": 0.6346255540847778, "eval/avg.accuracy": 0.78809738503156, "eval/avg.precision": 0.7915610846661182, "eval/avg.recall": 0.78809738503156, "eval/avg.f1": 0.7871807451171824, "eval/INTRO.accuracy": 0.45454545454545453, "eval/INTRO.precision": 0.7142857142857143, "eval/INTRO.recall": 0.45454545454545453, "eval/INTRO.f1": 0.5555555555555556, "eval/INTRO.support": 11, "eval/ANS.accuracy": 0.6557377049180327, "eval/ANS.precision": 0.625, "eval/ANS.recall": 0.6557377049180327, "eval/ANS.f1": 0.64, "eval/ANS.support": 61, "eval/DIR.accuracy": 0.6909871244635193, "eval/DIR.precision": 0.8131313131313131, "eval/DIR.recall": 0.6909871244635193, "eval/DIR.f1": 0.7470997679814385, "eval/DIR.support": 233, "eval/DRV.accuracy": 0.9464285714285714, "eval/DRV.precision": 0.726027397260274, "eval/DRV.recall": 0.9464285714285714, "eval/DRV.f1": 0.8217054263565892, "eval/DRV.support": 56, "eval/FB.accuracy": 0.8181818181818182, "eval/FB.precision": 0.7346938775510204, "eval/FB.recall": 0.8181818181818182, "eval/FB.f1": 0.7741935483870968, "eval/FB.support": 220, "eval/RPT.accuracy": 0.6666666666666666, "eval/RPT.precision": 1.0, "eval/RPT.recall": 0.6666666666666666, "eval/RPT.f1": 0.8, "eval/RPT.support": 3, "eval/THX.accuracy": 0.75, "eval/THX.precision": 0.75, "eval/THX.recall": 0.75, "eval/THX.f1": 0.75, "eval/THX.support": 12, "eval/TNK.accuracy": 0.831275720164609, "eval/TNK.precision": 0.8364389233954451, "eval/TNK.recall": 0.831275720164609, "eval/TNK.f1": 0.8338493292053663, "eval/TNK.support": 486, "eval/UC.accuracy": 0.7407407407407407, "eval/UC.precision": 0.8, "eval/UC.recall": 0.7407407407407407, "eval/UC.f1": 0.7692307692307692, "eval/UC.support": 27, "eval/runtime": 1.9993, "eval/samples_per_second": 554.703, "eval/steps_per_second": 69.525, "train/epoch": 1.2, "train/global_step": 500, "_runtime": 51, "_timestamp": 1625084716, "_step": 1, "train/loss": 0.9555, "train/learning_rate": 5e-05}