{
  "best_metric": null,
  "best_model_checkpoint": null,
  "epoch": 2.3255813953488373,
  "global_step": 1000,
  "is_hyper_param_search": false,
  "is_local_process_zero": true,
  "is_world_process_zero": true,
  "log_history": [
    {
      "epoch": 1.0,
      "eval_ANS.accuracy": 0.008928571428571428,
      "eval_ANS.f1": 0.017699115044247787,
      "eval_ANS.precision": 1.0,
      "eval_ANS.recall": 0.008928571428571428,
      "eval_ANS.support": 224,
      "eval_DIR.accuracy": 0.8752759381898455,
      "eval_DIR.f1": 0.5922330097087379,
      "eval_DIR.precision": 0.44751693002257337,
      "eval_DIR.recall": 0.8752759381898455,
      "eval_DIR.support": 906,
      "eval_DRV.accuracy": 0.0,
      "eval_DRV.f1": 0.0,
      "eval_DRV.precision": 0.0,
      "eval_DRV.recall": 0.0,
      "eval_DRV.support": 234,
      "eval_FB.accuracy": 0.6920374707259953,
      "eval_FB.f1": 0.6816608996539792,
      "eval_FB.precision": 0.6715909090909091,
      "eval_FB.recall": 0.6920374707259953,
      "eval_FB.support": 854,
      "eval_INTRO.accuracy": 0.0,
      "eval_INTRO.f1": 0.0,
      "eval_INTRO.precision": 0.0,
      "eval_INTRO.recall": 0.0,
      "eval_INTRO.support": 35,
      "eval_RPT.accuracy": 0.0,
      "eval_RPT.f1": 0.0,
      "eval_RPT.precision": 0.0,
      "eval_RPT.recall": 0.0,
      "eval_RPT.support": 20,
      "eval_THX.accuracy": 0.0,
      "eval_THX.f1": 0.0,
      "eval_THX.precision": 0.0,
      "eval_THX.recall": 0.0,
      "eval_THX.support": 32,
      "eval_TNK.accuracy": 0.6004975124378109,
      "eval_TNK.f1": 0.6550881953867028,
      "eval_TNK.precision": 0.7205970149253731,
      "eval_TNK.recall": 0.6004975124378109,
      "eval_TNK.support": 2010,
      "eval_UC.accuracy": 0.680327868852459,
      "eval_UC.f1": 0.7217391304347825,
      "eval_UC.precision": 0.7685185185185185,
      "eval_UC.recall": 0.680327868852459,
      "eval_UC.support": 122,
      "eval_avg.accuracy": 0.6031102096010819,
      "eval_avg.f1": 0.5696293810031199,
      "eval_avg.precision": 0.6186946662662489,
      "eval_avg.recall": 0.6031102096010819,
      "eval_loss": 1.1085540056228638,
      "eval_runtime": 14.0348,
      "eval_samples_per_second": 316.143,
      "eval_steps_per_second": 39.545,
      "step": 430
    },
    {
      "epoch": 1.16,
      "learning_rate": 5e-05,
      "loss": 1.0897,
      "step": 500
    },
    {
      "epoch": 2.0,
      "eval_ANS.accuracy": 0.48214285714285715,
      "eval_ANS.f1": 0.4716157205240175,
      "eval_ANS.precision": 0.46153846153846156,
      "eval_ANS.recall": 0.48214285714285715,
      "eval_ANS.support": 224,
      "eval_DIR.accuracy": 0.8278145695364238,
      "eval_DIR.f1": 0.636672325976231,
      "eval_DIR.precision": 0.5172413793103449,
      "eval_DIR.recall": 0.8278145695364238,
      "eval_DIR.support": 906,
      "eval_DRV.accuracy": 0.07692307692307693,
      "eval_DRV.f1": 0.12949640287769784,
      "eval_DRV.precision": 0.4090909090909091,
      "eval_DRV.recall": 0.07692307692307693,
      "eval_DRV.support": 234,
      "eval_FB.accuracy": 0.8372365339578455,
      "eval_FB.f1": 0.6761229314420804,
      "eval_FB.precision": 0.5670103092783505,
      "eval_FB.recall": 0.8372365339578455,
      "eval_FB.support": 854,
      "eval_INTRO.accuracy": 0.0,
      "eval_INTRO.f1": 0.0,
      "eval_INTRO.precision": 0.0,
      "eval_INTRO.recall": 0.0,
      "eval_INTRO.support": 35,
      "eval_RPT.accuracy": 0.0,
      "eval_RPT.f1": 0.0,
      "eval_RPT.precision": 0.0,
      "eval_RPT.recall": 0.0,
      "eval_RPT.support": 20,
      "eval_THX.accuracy": 0.0,
      "eval_THX.f1": 0.0,
      "eval_THX.precision": 0.0,
      "eval_THX.recall": 0.0,
      "eval_THX.support": 32,
      "eval_TNK.accuracy": 0.5920398009950248,
      "eval_TNK.f1": 0.7056033204862141,
      "eval_TNK.precision": 0.8730741012472487,
      "eval_TNK.recall": 0.5920398009950248,
      "eval_TNK.support": 2010,
      "eval_UC.accuracy": 0.5655737704918032,
      "eval_UC.f1": 0.6666666666666667,
      "eval_UC.precision": 0.8117647058823529,
      "eval_UC.recall": 0.5655737704918032,
      "eval_UC.support": 122,
      "eval_avg.accuracy": 0.6423258958755916,
      "eval_avg.f1": 0.6287523547368463,
      "eval_avg.precision": 0.6774563036996594,
      "eval_avg.recall": 0.6423258958755916,
      "eval_loss": 1.021963119506836,
      "eval_runtime": 13.9212,
      "eval_samples_per_second": 318.722,
      "eval_steps_per_second": 39.867,
      "step": 860
    },
    {
      "epoch": 2.33,
      "learning_rate": 4.4635193133047216e-05,
      "loss": 0.6925,
      "step": 1000
    }
  ],
  "max_steps": 5160,
  "num_train_epochs": 12,
  "total_flos": 755464699940544.0,
  "trial_name": null,
  "trial_params": null
}
