{"eval/loss": 0.9883562922477722, "eval/avg.accuracy": 0.7383512544802867, "eval/avg.precision": 0.7754392273232067, "eval/avg.recall": 0.7383512544802867, "eval/avg.f1": 0.7429750581677823, "eval/Ask.accuracy": 0.7864077669902912, "eval/Ask.precision": 0.826530612244898, "eval/Ask.recall": 0.7864077669902912, "eval/Ask.f1": 0.8059701492537313, "eval/Ask.support": 103, "eval/Suggest.accuracy": 0.7971014492753623, "eval/Suggest.precision": 0.5392156862745098, "eval/Suggest.recall": 0.7971014492753623, "eval/Suggest.f1": 0.6432748538011697, "eval/Suggest.support": 69, "eval/Direct.accuracy": 0.546875, "eval/Direct.precision": 0.8333333333333334, "eval/Direct.recall": 0.546875, "eval/Direct.f1": 0.660377358490566, "eval/Direct.support": 64, "eval/Clarify/Verify.accuracy": 0.813953488372093, "eval/Clarify/Verify.precision": 0.9459459459459459, "eval/Clarify/Verify.recall": 0.813953488372093, "eval/Clarify/Verify.f1": 0.875, "eval/Clarify/Verify.support": 43, "eval/runtime": 0.5593, "eval/samples_per_second": 498.867, "eval/steps_per_second": 62.582, "train/epoch": 4.63, "train/global_step": 500, "_runtime": 38, "_timestamp": 1625089437, "_step": 4, "train/loss": 0.8035, "train/learning_rate": 5e-05}