{"eval/loss": 0.7894822955131531, "eval/avg.accuracy": 0.7370892018779343, "eval/avg.precision": 0.7413181207038434, "eval/avg.recall": 0.7370892018779343, "eval/avg.f1": 0.7366695995116928, "eval/Goal.accuracy": 0.7903225806451613, "eval/Goal.precision": 0.8032786885245902, "eval/Goal.recall": 0.7903225806451613, "eval/Goal.f1": 0.7967479674796747, "eval/Goal.support": 62, "eval/Read.accuracy": 0.6, "eval/Read.precision": 0.75, "eval/Read.recall": 0.6, "eval/Read.f1": 0.6666666666666665, "eval/Read.support": 5, "eval/Location.accuracy": 0.7272727272727273, "eval/Location.precision": 0.8888888888888888, "eval/Location.recall": 0.7272727272727273, "eval/Location.f1": 0.7999999999999999, "eval/Location.support": 22, "eval/Stop.accuracy": 0.0, "eval/Stop.precision": 0.0, "eval/Stop.recall": 0.0, "eval/Stop.f1": 0.0, "eval/Stop.support": 3, "eval/Code.accuracy": 0.7868852459016393, "eval/Code.precision": 0.6956521739130435, "eval/Code.recall": 0.7868852459016393, "eval/Code.f1": 0.7384615384615385, "eval/Code.support": 61, "eval/Idea.accuracy": 0.5897435897435898, "eval/Idea.precision": 0.5476190476190477, "eval/Idea.recall": 0.5897435897435898, "eval/Idea.f1": 0.5679012345679013, "eval/Idea.support": 39, "eval/Run Code.accuracy": 0.8571428571428571, "eval/Run Code.precision": 1.0, "eval/Run Code.recall": 0.8571428571428571, "eval/Run Code.f1": 0.923076923076923, "eval/Run Code.support": 21, "eval/runtime": 0.4736, "eval/samples_per_second": 449.768, "eval/steps_per_second": 57.013, "train/epoch": 2.0, "train/global_step": 172, "_runtime": 18, "_timestamp": 1625090847, "_step": 1}