{"eval/loss": 0.20983994007110596, "eval/avg.accuracy": 0.9629629629629629, "eval/avg.precision": 0.9629629629629629, "eval/avg.recall": 0.9629629629629629, "eval/avg.f1": 0.9629629629629629, "eval/Me.accuracy": 0.9666666666666667, "eval/Me.precision": 0.9666666666666667, "eval/Me.recall": 0.9666666666666667, "eval/Me.f1": 0.9666666666666667, "eval/Me.support": 30, "eval/You.accuracy": 0.9523809523809523, "eval/You.precision": 0.9523809523809523, "eval/You.recall": 0.9523809523809523, "eval/You.f1": 0.9523809523809523, "eval/You.support": 21, "eval/Either.accuracy": 1.0, "eval/Either.precision": 1.0, "eval/Either.recall": 1.0, "eval/Either.f1": 1.0, "eval/Either.support": 3, "eval/runtime": 0.1331, "eval/samples_per_second": 405.686, "eval/steps_per_second": 52.589, "train/epoch": 12.0, "train/global_step": 276, "_runtime": 25, "_timestamp": 1625091782, "_step": 12, "train/train_runtime": 17.4626, "train/train_samples_per_second": 123.693, "train/train_steps_per_second": 15.805, "train/total_flos": 52500029977440.0, "train/train_loss": 0.44948130068571673}