{"eval/loss": 1.5849859714508057, "eval/avg.accuracy": 0.4406215316315205, "eval/avg.precision": 0.3642581081819651, "eval/avg.recall": 0.4406215316315205, "eval/avg.f1": 0.3805168390888819, "eval/Goal.accuracy": 0.3654618473895582, "eval/Goal.precision": 0.5617283950617284, "eval/Goal.recall": 0.3654618473895582, "eval/Goal.f1": 0.44282238442822386, "eval/Goal.support": 249, "eval/Read.accuracy": 0.0, "eval/Read.precision": 0.0, "eval/Read.recall": 0.0, "eval/Read.f1": 0.0, "eval/Read.support": 14, "eval/Location.accuracy": 0.0, "eval/Location.precision": 0.0, "eval/Location.recall": 0.0, "eval/Location.f1": 0.0, "eval/Location.support": 94, "eval/Stop.accuracy": 0.0, "eval/Stop.precision": 0.0, "eval/Stop.recall": 0.0, "eval/Stop.f1": 0.0, "eval/Stop.support": 14, "eval/Code.accuracy": 0.8055555555555556, "eval/Code.precision": 0.5237020316027088, "eval/Code.recall": 0.8055555555555556, "eval/Code.f1": 0.6347469220246238, "eval/Code.support": 288, "eval/Idea.accuracy": 0.49333333333333335, "eval/Idea.precision": 0.25, "eval/Idea.recall": 0.49333333333333335, "eval/Idea.f1": 0.3318385650224215, "eval/Idea.support": 150, "eval/Run Code.accuracy": 0.0, "eval/Run Code.precision": 0.0, "eval/Run Code.recall": 0.0, "eval/Run Code.f1": 0.0, "eval/Run Code.support": 92, "eval/runtime": 1.8466, "eval/samples_per_second": 487.931, "eval/steps_per_second": 61.194, "train/epoch": 2.0, "train/global_step": 230, "_runtime": 27, "_timestamp": 1625090704, "_step": 1}