{"eval/loss": 1.2499079704284668, "eval/avg.accuracy": 0.7632311977715878, "eval/avg.precision": 0.7652023409439698, "eval/avg.recall": 0.7632311977715878, "eval/avg.f1": 0.7627019724663529, "eval/Positive.accuracy": 0.8090349075975359, "eval/Positive.precision": 0.7364485981308411, "eval/Positive.recall": 0.8090349075975359, "eval/Positive.f1": 0.7710371819960862, "eval/Positive.support": 487, "eval/Neutral.accuracy": 0.6868008948545862, "eval/Neutral.precision": 0.7524509803921569, "eval/Neutral.recall": 0.6868008948545862, "eval/Neutral.f1": 0.7181286549707602, "eval/Neutral.support": 447, "eval/Negative.accuracy": 0.8461538461538461, "eval/Negative.precision": 0.9029850746268657, "eval/Negative.recall": 0.8461538461538461, "eval/Negative.f1": 0.8736462093862816, "eval/Negative.support": 143, "eval/runtime": 2.1937, "eval/samples_per_second": 490.943, "eval/steps_per_second": 61.539, "train/epoch": 7.0, "train/global_step": 819, "_runtime": 78, "_timestamp": 1625517961, "_step": 7, "train/loss": 0.4752, "train/learning_rate": 5e-05}