{"eval/loss": 0.12878011167049408, "eval/avg.accuracy": 0.9818181818181818, "eval/avg.precision": 0.9824675324675325, "eval/avg.recall": 0.9818181818181818, "eval/avg.f1": 0.9817979423174227, "eval/Me.accuracy": 1.0, "eval/Me.precision": 0.9642857142857143, "eval/Me.recall": 1.0, "eval/Me.f1": 0.9818181818181818, "eval/Me.support": 27, "eval/You.accuracy": 0.96, "eval/You.precision": 1.0, "eval/You.recall": 0.96, "eval/You.f1": 0.9795918367346939, "eval/You.support": 25, "eval/Either.accuracy": 1.0, "eval/Either.precision": 1.0, "eval/Either.recall": 1.0, "eval/Either.f1": 1.0, "eval/Either.support": 3, "eval/runtime": 0.1357, "eval/samples_per_second": 405.303, "eval/steps_per_second": 51.584, "train/epoch": 12.0, "train/global_step": 276, "_runtime": 21, "_timestamp": 1625514236, "_step": 12, "train/train_runtime": 18.1065, "train/train_samples_per_second": 118.631, "train/train_steps_per_second": 15.243, "train/total_flos": 42331105252080.0, "train/train_loss": 0.34624080381531647}