{"eval/loss": 1.1382817029953003, "eval/avg.accuracy": 0.6103222898354744, "eval/avg.precision": 0.6216577268453671, "eval/avg.recall": 0.6103222898354744, "eval/avg.f1": 0.5869410134987674, "eval/INTRO.accuracy": 0.0, "eval/INTRO.precision": 0.0, "eval/INTRO.recall": 0.0, "eval/INTRO.f1": 0.0, "eval/INTRO.support": 35, "eval/ANS.accuracy": 0.21875, "eval/ANS.precision": 0.875, "eval/ANS.recall": 0.21875, "eval/ANS.f1": 0.35, "eval/ANS.support": 224, "eval/DIR.accuracy": 0.891832229580574, "eval/DIR.precision": 0.4469026548672566, "eval/DIR.recall": 0.891832229580574, "eval/DIR.f1": 0.5954310980103168, "eval/DIR.support": 906, "eval/DRV.accuracy": 0.0, "eval/DRV.precision": 0.0, "eval/DRV.recall": 0.0, "eval/DRV.f1": 0.0, "eval/DRV.support": 234, "eval/FB.accuracy": 0.6908665105386417, "eval/FB.precision": 0.6812933025404158, "eval/FB.recall": 0.6908665105386417, "eval/FB.f1": 0.6860465116279071, "eval/FB.support": 854, "eval/RPT.accuracy": 0.0, "eval/RPT.precision": 0.0, "eval/RPT.recall": 0.0, "eval/RPT.f1": 0.0, "eval/RPT.support": 20, "eval/THX.accuracy": 0.0, "eval/THX.precision": 0.0, "eval/THX.recall": 0.0, "eval/THX.f1": 0.0, "eval/THX.support": 32, "eval/TNK.accuracy": 0.5940298507462687, "eval/TNK.precision": 0.7365823565700185, "eval/TNK.recall": 0.5940298507462687, "eval/TNK.f1": 0.6576700633434316, "eval/TNK.support": 2010, "eval/UC.accuracy": 0.5491803278688525, "eval/UC.precision": 0.7790697674418605, "eval/UC.recall": 0.5491803278688525, "eval/UC.f1": 0.6442307692307693, "eval/UC.support": 122, "eval/runtime": 23.5086, "eval/samples_per_second": 188.739, "eval/steps_per_second": 23.608, "train/epoch": 1.16, "train/global_step": 500, "_runtime": 101, "_timestamp": 1625502156, "_step": 1, "train/loss": 1.0964, "train/learning_rate": 5e-05}