{"eval/loss": 2.1436519622802734, "eval/avg.accuracy": 0.6648168701442841, "eval/avg.precision": 0.6827655405595143, "eval/avg.recall": 0.6648168701442841, "eval/avg.f1": 0.6459378336103959, "eval/Goal.accuracy": 0.7630522088353414, "eval/Goal.precision": 0.811965811965812, "eval/Goal.recall": 0.7630522088353414, "eval/Goal.f1": 0.7867494824016563, "eval/Goal.support": 249, "eval/Read.accuracy": 0.5, "eval/Read.precision": 0.5833333333333334, "eval/Read.recall": 0.5, "eval/Read.f1": 0.5384615384615384, "eval/Read.support": 14, "eval/Location.accuracy": 0.1595744680851064, "eval/Location.precision": 0.8333333333333334, "eval/Location.recall": 0.1595744680851064, "eval/Location.f1": 0.2678571428571429, "eval/Location.support": 94, "eval/Stop.accuracy": 0.0, "eval/Stop.precision": 0.0, "eval/Stop.recall": 0.0, "eval/Stop.f1": 0.0, "eval/Stop.support": 14, "eval/Code.accuracy": 0.7534722222222222, "eval/Code.precision": 0.5896739130434783, "eval/Code.recall": 0.7534722222222222, "eval/Code.f1": 0.6615853658536586, "eval/Code.support": 288, "eval/Idea.accuracy": 0.56, "eval/Idea.precision": 0.4772727272727273, "eval/Idea.recall": 0.56, "eval/Idea.f1": 0.5153374233128835, "eval/Idea.support": 150, "eval/Run Code.accuracy": 0.9347826086956522, "eval/Run Code.precision": 0.9247311827956989, "eval/Run Code.recall": 0.9347826086956522, "eval/Run Code.f1": 0.9297297297297297, "eval/Run Code.support": 92, "eval/runtime": 1.8207, "eval/samples_per_second": 494.873, "eval/steps_per_second": 62.065, "train/epoch": 7.0, "train/global_step": 805, "_runtime": 86, "_timestamp": 1625090292, "_step": 7, "train/loss": 1.0669, "train/learning_rate": 5e-05}