{"eval/loss": 2.3688595294952393, "eval/avg.accuracy": 0.6362038664323374, "eval/avg.precision": 0.6582767206291146, "eval/avg.recall": 0.6362038664323374, "eval/avg.f1": 0.638075086807988, "eval/Ask.accuracy": 0.5604938271604938, "eval/Ask.precision": 0.7854671280276817, "eval/Ask.recall": 0.5604938271604938, "eval/Ask.f1": 0.654178674351585, "eval/Ask.support": 405, "eval/Suggest.accuracy": 0.6079734219269103, "eval/Suggest.precision": 0.4945945945945946, "eval/Suggest.recall": 0.6079734219269103, "eval/Suggest.f1": 0.5454545454545455, "eval/Suggest.support": 301, "eval/Direct.accuracy": 0.7907801418439716, "eval/Direct.precision": 0.6861538461538461, "eval/Direct.recall": 0.7907801418439716, "eval/Direct.f1": 0.7347611202635914, "eval/Direct.support": 282, "eval/Clarify/Verify.accuracy": 0.6066666666666667, "eval/Clarify/Verify.precision": 0.5909090909090909, "eval/Clarify/Verify.recall": 0.6066666666666667, "eval/Clarify/Verify.f1": 0.5986842105263157, "eval/Clarify/Verify.support": 150, "eval/runtime": 3.2939, "eval/samples_per_second": 345.491, "eval/steps_per_second": 43.414, "train/epoch": 11.0, "train/global_step": 1320, "_runtime": 211, "_timestamp": 1625517052, "_step": 12, "train/loss": 0.1059, "train/learning_rate": 2.340425531914894e-05}