{"eval/loss": 1.215197205543518, "eval/avg.accuracy": 0.7729257641921398, "eval/avg.precision": 0.7885900076920435, "eval/avg.recall": 0.7729257641921398, "eval/avg.f1": 0.7751653486592396, "eval/Goal.accuracy": 0.7246376811594203, "eval/Goal.precision": 0.9090909090909091, "eval/Goal.recall": 0.7246376811594203, "eval/Goal.f1": 0.8064516129032259, "eval/Goal.support": 69, "eval/Read.accuracy": 0.8571428571428571, "eval/Read.precision": 1.0, "eval/Read.recall": 0.8571428571428571, "eval/Read.f1": 0.923076923076923, "eval/Read.support": 7, "eval/Location.accuracy": 0.8636363636363636, "eval/Location.precision": 0.76, "eval/Location.recall": 0.8636363636363636, "eval/Location.f1": 0.8085106382978724, "eval/Location.support": 22, "eval/Stop.accuracy": 1.0, "eval/Stop.precision": 1.0, "eval/Stop.recall": 1.0, "eval/Stop.f1": 1.0, "eval/Stop.support": 2, "eval/Code.accuracy": 0.8275862068965517, "eval/Code.precision": 0.676056338028169, "eval/Code.recall": 0.8275862068965517, "eval/Code.f1": 0.7441860465116279, "eval/Code.support": 58, "eval/Idea.accuracy": 0.6190476190476191, "eval/Idea.precision": 0.6190476190476191, "eval/Idea.recall": 0.6190476190476191, "eval/Idea.f1": 0.6190476190476191, "eval/Idea.support": 42, "eval/Run Code.accuracy": 0.896551724137931, "eval/Run Code.precision": 0.9285714285714286, "eval/Run Code.recall": 0.896551724137931, "eval/Run Code.f1": 0.912280701754386, "eval/Run Code.support": 29, "eval/runtime": 0.6258, "eval/samples_per_second": 365.928, "eval/steps_per_second": 46.34, "train/epoch": 6.0, "train/global_step": 504, "_runtime": 46, "_timestamp": 1625090158, "_step": 6, "train/loss": 0.6819, "train/learning_rate": 5e-05}