{"eval/loss": 1.0625923871994019, "eval/avg.accuracy": 0.6396213657876944, "eval/avg.precision": 0.5589099595819378, "eval/avg.recall": 0.6396213657876944, "eval/avg.f1": 0.5911112607249345, "eval/INTRO.accuracy": 0.0, "eval/INTRO.precision": 0.0, "eval/INTRO.recall": 0.0, "eval/INTRO.f1": 0.0, "eval/INTRO.support": 35, "eval/ANS.accuracy": 0.0, "eval/ANS.precision": 0.0, "eval/ANS.recall": 0.0, "eval/ANS.f1": 0.0, "eval/ANS.support": 224, "eval/DIR.accuracy": 0.8278145695364238, "eval/DIR.precision": 0.5230125523012552, "eval/DIR.recall": 0.8278145695364238, "eval/DIR.f1": 0.641025641025641, "eval/DIR.support": 906, "eval/DRV.accuracy": 0.0, "eval/DRV.precision": 0.0, "eval/DRV.recall": 0.0, "eval/DRV.f1": 0.0, "eval/DRV.support": 234, "eval/FB.accuracy": 0.7435597189695551, "eval/FB.precision": 0.6183057448880234, "eval/FB.recall": 0.7435597189695551, "eval/FB.f1": 0.6751727804359383, "eval/FB.support": 854, "eval/RPT.accuracy": 0.0, "eval/RPT.precision": 0.0, "eval/RPT.recall": 0.0, "eval/RPT.f1": 0.0, "eval/RPT.support": 20, "eval/THX.accuracy": 0.0, "eval/THX.precision": 0.0, "eval/THX.recall": 0.0, "eval/THX.f1": 0.0, "eval/THX.support": 32, "eval/TNK.accuracy": 0.7228855721393035, "eval/TNK.precision": 0.7353238866396761, "eval/TNK.recall": 0.7228855721393035, "eval/TNK.f1": 0.7290516808830908, "eval/TNK.support": 2010, "eval/UC.accuracy": 0.0, "eval/UC.precision": 0.0, "eval/UC.recall": 0.0, "eval/UC.f1": 0.0, "eval/UC.support": 122, "eval/runtime": 14.0262, "eval/samples_per_second": 316.338, "eval/steps_per_second": 39.569, "train/epoch": 1.0, "train/global_step": 430, "_runtime": 56, "_timestamp": 1625084019, "_step": 0}