{"eval/loss": 0.9239022731781006, "eval/avg.accuracy": 0.5790861159929701, "eval/avg.precision": 0.6339678001339057, "eval/avg.recall": 0.5790861159929701, "eval/avg.f1": 0.5500153964055621, "eval/Ask.accuracy": 0.5802469135802469, "eval/Ask.precision": 0.7057057057057057, "eval/Ask.recall": 0.5802469135802469, "eval/Ask.f1": 0.6368563685636857, "eval/Ask.support": 405, "eval/Suggest.accuracy": 0.6744186046511628, "eval/Suggest.precision": 0.41260162601626016, "eval/Suggest.recall": 0.6744186046511628, "eval/Suggest.f1": 0.5119798234552333, "eval/Suggest.support": 301, "eval/Direct.accuracy": 0.7730496453900709, "eval/Direct.precision": 0.7055016181229773, "eval/Direct.recall": 0.7730496453900709, "eval/Direct.f1": 0.7377326565143824, "eval/Direct.support": 282, "eval/Clarify/Verify.accuracy": 0.02, "eval/Clarify/Verify.precision": 0.75, "eval/Clarify/Verify.recall": 0.02, "eval/Clarify/Verify.f1": 0.03896103896103896, "eval/Clarify/Verify.support": 150, "eval/runtime": 2.3096, "eval/samples_per_second": 492.718, "eval/steps_per_second": 61.915, "train/epoch": 2.0, "train/global_step": 240, "_runtime": 29, "_timestamp": 1625088469, "_step": 1}