{"eval/loss": 1.4263346195220947, "eval/avg.accuracy": 0.7903930131004366, "eval/avg.precision": 0.8015729444704528, "eval/avg.recall": 0.7903930131004366, "eval/avg.f1": 0.7839894720631717, "eval/Goal.accuracy": 0.8405797101449275, "eval/Goal.precision": 0.8529411764705882, "eval/Goal.recall": 0.8405797101449275, "eval/Goal.f1": 0.8467153284671534, "eval/Goal.support": 69, "eval/Read.accuracy": 0.7142857142857143, "eval/Read.precision": 0.8333333333333334, "eval/Read.recall": 0.7142857142857143, "eval/Read.f1": 0.7692307692307692, "eval/Read.support": 7, "eval/Location.accuracy": 0.8181818181818182, "eval/Location.precision": 0.75, "eval/Location.recall": 0.8181818181818182, "eval/Location.f1": 0.7826086956521738, "eval/Location.support": 22, "eval/Stop.accuracy": 1.0, "eval/Stop.precision": 1.0, "eval/Stop.recall": 1.0, "eval/Stop.f1": 1.0, "eval/Stop.support": 2, "eval/Code.accuracy": 0.9137931034482759, "eval/Code.precision": 0.6883116883116883, "eval/Code.recall": 0.9137931034482759, "eval/Code.f1": 0.7851851851851852, "eval/Code.support": 58, "eval/Idea.accuracy": 0.47619047619047616, "eval/Idea.precision": 0.8, "eval/Idea.recall": 0.47619047619047616, "eval/Idea.f1": 0.5970149253731344, "eval/Idea.support": 42, "eval/Run Code.accuracy": 0.8620689655172413, "eval/Run Code.precision": 0.9259259259259259, "eval/Run Code.recall": 0.8620689655172413, "eval/Run Code.f1": 0.8928571428571429, "eval/Run Code.support": 29, "eval/runtime": 0.627, "eval/samples_per_second": 365.247, "eval/steps_per_second": 46.254, "train/epoch": 12.0, "train/global_step": 1008, "_runtime": 107, "_timestamp": 1625520968, "_step": 14, "train/loss": 0.1064, "train/learning_rate": 7.874015748031496e-07, "train/train_runtime": 104.4373, "train/train_samples_per_second": 77.214, "train/train_steps_per_second": 9.652, "train/total_flos": 354929093132544.0, "train/train_loss": 0.426037605981239}