{"eval/loss": 0.6389960646629333, "eval/avg.accuracy": 0.7212543554006968, "eval/avg.precision": 0.7136507767496714, "eval/avg.recall": 0.7212543554006968, "eval/avg.f1": 0.7136435980601702, "eval/Ask.accuracy": 0.9191919191919192, "eval/Ask.precision": 0.7647058823529411, "eval/Ask.recall": 0.9191919191919192, "eval/Ask.f1": 0.8348623853211009, "eval/Ask.support": 99, "eval/Suggest.accuracy": 0.4868421052631579, "eval/Suggest.precision": 0.5692307692307692, "eval/Suggest.recall": 0.4868421052631579, "eval/Suggest.f1": 0.524822695035461, "eval/Suggest.support": 76, "eval/Direct.accuracy": 0.6794871794871795, "eval/Direct.precision": 0.7464788732394366, "eval/Direct.recall": 0.6794871794871795, "eval/Direct.f1": 0.7114093959731543, "eval/Direct.support": 78, "eval/Clarify/Verify.accuracy": 0.7647058823529411, "eval/Clarify/Verify.precision": 0.8125, "eval/Clarify/Verify.recall": 0.7647058823529411, "eval/Clarify/Verify.f1": 0.787878787878788, "eval/Clarify/Verify.support": 34, "eval/runtime": 0.5736, "eval/samples_per_second": 500.342, "eval/steps_per_second": 62.761, "train/epoch": 2.0, "train/global_step": 214, "_runtime": 19, "_timestamp": 1625088886, "_step": 1}