{"eval/loss": 0.9688792824745178, "eval/avg.accuracy": 0.7878787878787878, "eval/avg.precision": 0.8043877817584714, "eval/avg.recall": 0.7878787878787878, "eval/avg.f1": 0.7847222597222597, "eval/Positive.accuracy": 0.9122807017543859, "eval/Positive.precision": 0.7172413793103448, "eval/Positive.recall": 0.9122807017543859, "eval/Positive.f1": 0.803088803088803, "eval/Positive.support": 114, "eval/Neutral.accuracy": 0.6396396396396397, "eval/Neutral.precision": 0.8452380952380952, "eval/Neutral.recall": 0.6396396396396397, "eval/Neutral.f1": 0.7282051282051283, "eval/Neutral.support": 111, "eval/Negative.accuracy": 0.8461538461538461, "eval/Negative.precision": 0.9428571428571428, "eval/Negative.recall": 0.8461538461538461, "eval/Negative.f1": 0.8918918918918919, "eval/Negative.support": 39, "eval/runtime": 0.7147, "eval/samples_per_second": 369.394, "eval/steps_per_second": 46.174, "train/epoch": 8.0, "train/global_step": 816, "_runtime": 61, "_timestamp": 1625092447, "_step": 8, "train/loss": 0.529, "train/learning_rate": 5e-05}