{"eval/loss": 0.5053642392158508, "eval/avg.accuracy": 0.7970479704797048, "eval/avg.precision": 0.7981590982162923, "eval/avg.recall": 0.7970479704797048, "eval/avg.f1": 0.7968940787625863, "eval/Positive.accuracy": 0.7709923664122137, "eval/Positive.precision": 0.8211382113821138, "eval/Positive.recall": 0.7709923664122137, "eval/Positive.f1": 0.7952755905511811, "eval/Positive.support": 131, "eval/Neutral.accuracy": 0.7837837837837838, "eval/Neutral.precision": 0.7435897435897436, "eval/Neutral.recall": 0.7837837837837838, "eval/Neutral.f1": 0.7631578947368421, "eval/Neutral.support": 111, "eval/Negative.accuracy": 0.9655172413793104, "eval/Negative.precision": 0.9032258064516129, "eval/Negative.recall": 0.9655172413793104, "eval/Negative.f1": 0.9333333333333333, "eval/Negative.support": 29, "eval/runtime": 0.6687, "eval/samples_per_second": 405.289, "eval/steps_per_second": 50.848, "train/epoch": 2.0, "train/global_step": 202, "_runtime": 22, "_timestamp": 1625505444, "_step": 1}