{"eval/loss": 0.6852846145629883, "eval/avg.accuracy": 0.7873873873873873, "eval/avg.precision": 0.790017508657763, "eval/avg.recall": 0.7873873873873873, "eval/avg.f1": 0.7862204200171296, "eval/INTRO.accuracy": 0.0, "eval/INTRO.precision": 0.0, "eval/INTRO.recall": 0.0, "eval/INTRO.f1": 0.0, "eval/INTRO.support": 11, "eval/ANS.accuracy": 0.660377358490566, "eval/ANS.precision": 0.4605263157894737, "eval/ANS.recall": 0.660377358490566, "eval/ANS.f1": 0.5426356589147286, "eval/ANS.support": 53, "eval/DIR.accuracy": 0.7791666666666667, "eval/DIR.precision": 0.8025751072961373, "eval/DIR.recall": 0.7791666666666667, "eval/DIR.f1": 0.7906976744186046, "eval/DIR.support": 240, "eval/DRV.accuracy": 0.9454545454545454, "eval/DRV.precision": 0.8813559322033898, "eval/DRV.recall": 0.9454545454545454, "eval/DRV.f1": 0.9122807017543859, "eval/DRV.support": 55, "eval/FB.accuracy": 0.6893617021276596, "eval/FB.precision": 0.81, "eval/FB.recall": 0.6893617021276596, "eval/FB.f1": 0.7448275862068966, "eval/FB.support": 235, "eval/RPT.accuracy": 0.5, "eval/RPT.precision": 0.3333333333333333, "eval/RPT.recall": 0.5, "eval/RPT.f1": 0.4, "eval/RPT.support": 4, "eval/THX.accuracy": 0.6666666666666666, "eval/THX.precision": 0.3333333333333333, "eval/THX.recall": 0.6666666666666666, "eval/THX.f1": 0.4444444444444444, "eval/THX.support": 6, "eval/TNK.accuracy": 0.8616352201257862, "eval/TNK.precision": 0.8370672097759674, "eval/TNK.recall": 0.8616352201257862, "eval/TNK.f1": 0.8491735537190083, "eval/TNK.support": 477, "eval/UC.accuracy": 0.7241379310344828, "eval/UC.precision": 0.6363636363636364, "eval/UC.recall": 0.7241379310344828, "eval/UC.f1": 0.6774193548387097, "eval/UC.support": 29, "eval/runtime": 2.2389, "eval/samples_per_second": 495.772, "eval/steps_per_second": 62.083, "train/epoch": 1.0, "train/global_step": 416, "_runtime": 43, "_timestamp": 1625083462, "_step": 0}