{"eval/loss": 1.2513272762298584, "eval/avg.accuracy": 0.7932489451476793, "eval/avg.precision": 0.7949563487538172, "eval/avg.recall": 0.7932489451476793, "eval/avg.f1": 0.7886528646929244, "eval/Goal.accuracy": 0.8285714285714286, "eval/Goal.precision": 0.8055555555555556, "eval/Goal.recall": 0.8285714285714286, "eval/Goal.f1": 0.8169014084507044, "eval/Goal.support": 70, "eval/Read.accuracy": 1.0, "eval/Read.precision": 0.6666666666666666, "eval/Read.recall": 1.0, "eval/Read.f1": 0.8, "eval/Read.support": 4, "eval/Location.accuracy": 0.8636363636363636, "eval/Location.precision": 0.7916666666666666, "eval/Location.recall": 0.8636363636363636, "eval/Location.f1": 0.8260869565217391, "eval/Location.support": 22, "eval/Stop.accuracy": 0.5, "eval/Stop.precision": 0.75, "eval/Stop.recall": 0.5, "eval/Stop.f1": 0.6, "eval/Stop.support": 6, "eval/Code.accuracy": 0.875, "eval/Code.precision": 0.7567567567567568, "eval/Code.recall": 0.875, "eval/Code.f1": 0.8115942028985507, "eval/Code.support": 64, "eval/Idea.accuracy": 0.5625, "eval/Idea.precision": 0.75, "eval/Idea.recall": 0.5625, "eval/Idea.f1": 0.6428571428571429, "eval/Idea.support": 48, "eval/Run Code.accuracy": 0.9130434782608695, "eval/Run Code.precision": 1.0, "eval/Run Code.recall": 0.9130434782608695, "eval/Run Code.f1": 0.9545454545454545, "eval/Run Code.support": 23, "eval/runtime": 0.4766, "eval/samples_per_second": 497.257, "eval/steps_per_second": 62.944, "train/epoch": 9.0, "train/global_step": 747, "_runtime": 75, "_timestamp": 1625514066, "_step": 9, "train/loss": 0.7486, "train/learning_rate": 5e-05}