{"eval/loss": 0.9088996052742004, "eval/avg.accuracy": 0.7047353760445683, "eval/avg.precision": 0.7274306831483198, "eval/avg.recall": 0.7047353760445683, "eval/avg.f1": 0.7069827990330105, "eval/Positive.accuracy": 0.6468172484599589, "eval/Positive.precision": 0.7535885167464115, "eval/Positive.recall": 0.6468172484599589, "eval/Positive.f1": 0.6961325966850829, "eval/Positive.support": 487, "eval/Neutral.accuracy": 0.7785234899328859, "eval/Neutral.precision": 0.6214285714285714, "eval/Neutral.recall": 0.7785234899328859, "eval/Neutral.f1": 0.6911618669314796, "eval/Neutral.support": 447, "eval/Negative.accuracy": 0.6713286713286714, "eval/Negative.precision": 0.9696969696969697, "eval/Negative.recall": 0.6713286713286714, "eval/Negative.f1": 0.7933884297520661, "eval/Negative.support": 143, "eval/runtime": 1.7466, "eval/samples_per_second": 616.618, "eval/steps_per_second": 77.292, "train/epoch": 4.27, "train/global_step": 500, "_runtime": 42, "_timestamp": 1625092303, "_step": 4, "train/loss": 0.4758, "train/learning_rate": 5e-05}