{"eval/loss": 1.023169994354248, "eval/avg.accuracy": 0.6432337434094904, "eval/avg.precision": 0.6652568298002172, "eval/avg.recall": 0.6432337434094904, "eval/avg.f1": 0.6152724300621488, "eval/Ask.accuracy": 0.7901234567901234, "eval/Ask.precision": 0.7692307692307693, "eval/Ask.recall": 0.7901234567901234, "eval/Ask.f1": 0.779537149817296, "eval/Ask.support": 405, "eval/Suggest.accuracy": 0.2591362126245847, "eval/Suggest.precision": 0.5492957746478874, "eval/Suggest.recall": 0.2591362126245847, "eval/Suggest.f1": 0.3521444695259593, "eval/Suggest.support": 301, "eval/Direct.accuracy": 0.9609929078014184, "eval/Direct.precision": 0.534516765285996, "eval/Direct.recall": 0.9609929078014184, "eval/Direct.f1": 0.6869455006337135, "eval/Direct.support": 282, "eval/Clarify/Verify.accuracy": 0.42, "eval/Clarify/Verify.precision": 0.863013698630137, "eval/Clarify/Verify.recall": 0.42, "eval/Clarify/Verify.f1": 0.5650224215246636, "eval/Clarify/Verify.support": 150, "eval/runtime": 2.3161, "eval/samples_per_second": 491.352, "eval/steps_per_second": 61.743, "train/epoch": 4.17, "train/global_step": 500, "_runtime": 53, "_timestamp": 1625089292, "_step": 4, "train/loss": 0.7773, "train/learning_rate": 5e-05}