{"eval/loss": 0.6353003978729248, "eval/avg.accuracy": 0.809009009009009, "eval/avg.precision": 0.819112811871848, "eval/avg.recall": 0.809009009009009, "eval/avg.f1": 0.8090093946267278, "eval/INTRO.accuracy": 0.375, "eval/INTRO.precision": 1.0, "eval/INTRO.recall": 0.375, "eval/INTRO.f1": 0.5454545454545454, "eval/INTRO.support": 8, "eval/ANS.accuracy": 0.625, "eval/ANS.precision": 0.44776119402985076, "eval/ANS.recall": 0.625, "eval/ANS.f1": 0.5217391304347827, "eval/ANS.support": 48, "eval/DIR.accuracy": 0.7489539748953975, "eval/DIR.precision": 0.8817733990147784, "eval/DIR.recall": 0.7489539748953975, "eval/DIR.f1": 0.8099547511312217, "eval/DIR.support": 239, "eval/DRV.accuracy": 0.8545454545454545, "eval/DRV.precision": 0.8867924528301887, "eval/DRV.recall": 0.8545454545454545, "eval/DRV.f1": 0.8703703703703703, "eval/DRV.support": 55, "eval/FB.accuracy": 0.726457399103139, "eval/FB.precision": 0.7980295566502463, "eval/FB.recall": 0.726457399103139, "eval/FB.f1": 0.7605633802816901, "eval/FB.support": 223, "eval/RPT.accuracy": 1.0, "eval/RPT.precision": 1.0, "eval/RPT.recall": 1.0, "eval/RPT.f1": 1.0, "eval/RPT.support": 3, "eval/THX.accuracy": 0.7142857142857143, "eval/THX.precision": 1.0, "eval/THX.recall": 0.7142857142857143, "eval/THX.f1": 0.8333333333333333, "eval/THX.support": 7, "eval/TNK.accuracy": 0.9056224899598394, "eval/TNK.precision": 0.8155515370705244, "eval/TNK.recall": 0.9056224899598394, "eval/TNK.f1": 0.8582302568981923, "eval/TNK.support": 498, "eval/UC.accuracy": 0.6206896551724138, "eval/UC.precision": 0.9, "eval/UC.recall": 0.6206896551724138, "eval/UC.f1": 0.7346938775510204, "eval/UC.support": 29, "eval/runtime": 3.7701, "eval/samples_per_second": 294.426, "eval/steps_per_second": 36.87, "train/epoch": 1.2, "train/global_step": 500, "_runtime": 76, "_timestamp": 1625512511, "_step": 1, "train/loss": 0.968, "train/learning_rate": 5e-05}