{"eval/loss": 1.3545947074890137, "eval/avg.accuracy": 0.7697307335190343, "eval/avg.precision": 0.7786614001535325, "eval/avg.recall": 0.7697307335190343, "eval/avg.f1": 0.7698804482640851, "eval/Positive.accuracy": 0.6878850102669405, "eval/Positive.precision": 0.8033573141486811, "eval/Positive.recall": 0.6878850102669405, "eval/Positive.f1": 0.7411504424778761, "eval/Positive.support": 487, "eval/Neutral.accuracy": 0.825503355704698, "eval/Neutral.precision": 0.7001897533206831, "eval/Neutral.recall": 0.825503355704698, "eval/Neutral.f1": 0.7577002053388091, "eval/Neutral.support": 447, "eval/Negative.accuracy": 0.8741258741258742, "eval/Negative.precision": 0.9398496240601504, "eval/Negative.recall": 0.8741258741258742, "eval/Negative.f1": 0.9057971014492754, "eval/Negative.support": 143, "eval/runtime": 1.7387, "eval/samples_per_second": 619.444, "eval/steps_per_second": 77.646, "train/epoch": 7.0, "train/global_step": 819, "_runtime": 70, "_timestamp": 1625092994, "_step": 7, "train/loss": 0.4835, "train/learning_rate": 5e-05}