{"eval/loss": 1.57114577293396, "eval/avg.accuracy": 0.7247706422018348, "eval/avg.precision": 0.7713572594924534, "eval/avg.recall": 0.7247706422018348, "eval/avg.f1": 0.7354651929983829, "eval/Goal.accuracy": 0.7619047619047619, "eval/Goal.precision": 0.7384615384615385, "eval/Goal.recall": 0.7619047619047619, "eval/Goal.f1": 0.75, "eval/Goal.support": 63, "eval/Read.accuracy": 1.0, "eval/Read.precision": 0.6666666666666666, "eval/Read.recall": 1.0, "eval/Read.f1": 0.8, "eval/Read.support": 4, "eval/Location.accuracy": 0.625, "eval/Location.precision": 0.6818181818181818, "eval/Location.recall": 0.625, "eval/Location.f1": 0.6521739130434783, "eval/Location.support": 24, "eval/Stop.accuracy": 0.3333333333333333, "eval/Stop.precision": 1.0, "eval/Stop.recall": 0.3333333333333333, "eval/Stop.f1": 0.5, "eval/Stop.support": 3, "eval/Code.accuracy": 0.7125, "eval/Code.precision": 0.9344262295081968, "eval/Code.recall": 0.7125, "eval/Code.f1": 0.8085106382978724, "eval/Code.support": 80, "eval/Idea.accuracy": 0.6551724137931034, "eval/Idea.precision": 0.40425531914893614, "eval/Idea.recall": 0.6551724137931034, "eval/Idea.f1": 0.4999999999999999, "eval/Idea.support": 29, "eval/Run Code.accuracy": 0.9333333333333333, "eval/Run Code.precision": 0.875, "eval/Run Code.recall": 0.9333333333333333, "eval/Run Code.f1": 0.9032258064516129, "eval/Run Code.support": 15, "eval/runtime": 0.5077, "eval/samples_per_second": 429.36, "eval/steps_per_second": 55.147, "train/epoch": 7.0, "train/global_step": 602, "_runtime": 53, "_timestamp": 1625091122, "_step": 7, "train/loss": 0.6168, "train/learning_rate": 5e-05}