{"eval/loss": 1.4676201343536377, "eval/avg.accuracy": 0.782608695652174, "eval/avg.precision": 0.7814574811897187, "eval/avg.recall": 0.782608695652174, "eval/avg.f1": 0.7814505060371648, "eval/Goal.accuracy": 0.8032786885245902, "eval/Goal.precision": 0.8166666666666667, "eval/Goal.recall": 0.8032786885245902, "eval/Goal.f1": 0.8099173553719008, "eval/Goal.support": 61, "eval/Read.accuracy": 0.75, "eval/Read.precision": 0.75, "eval/Read.recall": 0.75, "eval/Read.f1": 0.75, "eval/Read.support": 4, "eval/Location.accuracy": 0.7272727272727273, "eval/Location.precision": 0.6666666666666666, "eval/Location.recall": 0.7272727272727273, "eval/Location.f1": 0.6956521739130435, "eval/Location.support": 22, "eval/Stop.accuracy": 1.0, "eval/Stop.precision": 1.0, "eval/Stop.recall": 1.0, "eval/Stop.f1": 1.0, "eval/Stop.support": 1, "eval/Code.accuracy": 0.8028169014084507, "eval/Code.precision": 0.7916666666666666, "eval/Code.recall": 0.8028169014084507, "eval/Code.f1": 0.7972027972027971, "eval/Code.support": 71, "eval/Idea.accuracy": 0.6444444444444445, "eval/Idea.precision": 0.7073170731707317, "eval/Idea.recall": 0.6444444444444445, "eval/Idea.f1": 0.6744186046511628, "eval/Idea.support": 45, "eval/Run Code.accuracy": 0.9615384615384616, "eval/Run Code.precision": 0.8928571428571429, "eval/Run Code.recall": 0.9615384615384616, "eval/Run Code.f1": 0.9259259259259259, "eval/Run Code.support": 26, "eval/runtime": 0.4852, "eval/samples_per_second": 474.077, "eval/steps_per_second": 59.775, "train/epoch": 12.0, "train/global_step": 1008, "_runtime": 84, "_timestamp": 1625090670, "_step": 14, "train/loss": 0.1207, "train/learning_rate": 7.874015748031496e-07, "train/train_runtime": 78.3618, "train/train_samples_per_second": 102.754, "train/train_steps_per_second": 12.863, "train/total_flos": 354400924839192.0, "train/train_loss": 0.3886873468993202}