{"eval/loss": 0.5158289074897766, "eval/avg.accuracy": 0.8727272727272727, "eval/avg.precision": 0.8784646464646465, "eval/avg.recall": 0.8727272727272727, "eval/avg.f1": 0.8728685299162545, "eval/Me.accuracy": 0.8214285714285714, "eval/Me.precision": 0.92, "eval/Me.recall": 0.8214285714285714, "eval/Me.f1": 0.8679245283018867, "eval/Me.support": 28, "eval/You.accuracy": 0.9166666666666666, "eval/You.precision": 0.8148148148148148, "eval/You.recall": 0.9166666666666666, "eval/You.f1": 0.8627450980392156, "eval/You.support": 24, "eval/Either.accuracy": 1.0, "eval/Either.precision": 1.0, "eval/Either.recall": 1.0, "eval/Either.f1": 1.0, "eval/Either.support": 3, "eval/runtime": 0.1363, "eval/samples_per_second": 403.546, "eval/steps_per_second": 51.36, "train/epoch": 12.0, "train/global_step": 276, "_runtime": 23, "_timestamp": 1625091679, "_step": 12, "train/train_runtime": 17.1048, "train/train_samples_per_second": 125.579, "train/train_steps_per_second": 16.136, "train/total_flos": 52208363144232.0, "train/train_loss": 0.4180083067520805}