{
  "best_metric": null,
  "best_model_checkpoint": null,
  "epoch": 4.166666666666667,
  "global_step": 500,
  "is_hyper_param_search": false,
  "is_local_process_zero": true,
  "is_world_process_zero": true,
  "log_history": [
    {
      "epoch": 1.0,
      "eval_Ask.accuracy": 0.0,
      "eval_Ask.f1": 0.0,
      "eval_Ask.precision": 0.0,
      "eval_Ask.recall": 0.0,
      "eval_Ask.support": 405,
      "eval_Clarify/Verify.accuracy": 0.0,
      "eval_Clarify/Verify.f1": 0.0,
      "eval_Clarify/Verify.precision": 0.0,
      "eval_Clarify/Verify.recall": 0.0,
      "eval_Clarify/Verify.support": 150,
      "eval_Direct.accuracy": 0.9219858156028369,
      "eval_Direct.f1": 0.7017543859649124,
      "eval_Direct.precision": 0.5664488017429193,
      "eval_Direct.recall": 0.9219858156028369,
      "eval_Direct.support": 282,
      "eval_Suggest.accuracy": 0.4219269102990033,
      "eval_Suggest.f1": 0.25918367346938775,
      "eval_Suggest.precision": 0.187039764359352,
      "eval_Suggest.recall": 0.4219269102990033,
      "eval_Suggest.support": 301,
      "eval_avg.accuracy": 0.3400702987697715,
      "eval_avg.f1": 0.24245081068224164,
      "eval_avg.precision": 0.18983965831605287,
      "eval_avg.recall": 0.3400702987697715,
      "eval_loss": 1.2272409200668335,
      "eval_runtime": 2.3371,
      "eval_samples_per_second": 486.938,
      "eval_steps_per_second": 61.188,
      "step": 120
    },
    {
      "epoch": 2.0,
      "eval_Ask.accuracy": 0.7086419753086419,
      "eval_Ask.f1": 0.6792899408284023,
      "eval_Ask.precision": 0.6522727272727272,
      "eval_Ask.recall": 0.7086419753086419,
      "eval_Ask.support": 405,
      "eval_Clarify/Verify.accuracy": 0.0,
      "eval_Clarify/Verify.f1": 0.0,
      "eval_Clarify/Verify.precision": 0.0,
      "eval_Clarify/Verify.recall": 0.0,
      "eval_Clarify/Verify.support": 150,
      "eval_Direct.accuracy": 0.8262411347517731,
      "eval_Direct.f1": 0.7702479338842975,
      "eval_Direct.precision": 0.7213622291021672,
      "eval_Direct.recall": 0.8262411347517731,
      "eval_Direct.support": 282,
      "eval_Suggest.accuracy": 0.6212624584717608,
      "eval_Suggest.f1": 0.5532544378698224,
      "eval_Suggest.precision": 0.49866666666666665,
      "eval_Suggest.recall": 0.6212624584717608,
      "eval_Suggest.support": 301,
      "eval_avg.accuracy": 0.6212653778558875,
      "eval_avg.f1": 0.578956001045423,
      "eval_avg.precision": 0.5427884620553008,
      "eval_avg.recall": 0.6212653778558875,
      "eval_loss": 0.8489559292793274,
      "eval_runtime": 2.3464,
      "eval_samples_per_second": 485.002,
      "eval_steps_per_second": 60.945,
      "step": 240
    },
    {
      "epoch": 3.0,
      "eval_Ask.accuracy": 0.5481481481481482,
      "eval_Ask.f1": 0.6500732064421669,
      "eval_Ask.precision": 0.7985611510791367,
      "eval_Ask.recall": 0.5481481481481482,
      "eval_Ask.support": 405,
      "eval_Clarify/Verify.accuracy": 0.37333333333333335,
      "eval_Clarify/Verify.f1": 0.5233644859813085,
      "eval_Clarify/Verify.precision": 0.875,
      "eval_Clarify/Verify.recall": 0.37333333333333335,
      "eval_Clarify/Verify.support": 150,
      "eval_Direct.accuracy": 0.925531914893617,
      "eval_Direct.f1": 0.7435897435897435,
      "eval_Direct.precision": 0.6214285714285714,
      "eval_Direct.recall": 0.925531914893617,
      "eval_Direct.support": 282,
      "eval_Suggest.accuracy": 0.53156146179402,
      "eval_Suggest.f1": 0.47267355982274745,
      "eval_Suggest.precision": 0.425531914893617,
      "eval_Suggest.recall": 0.53156146179402,
      "eval_Suggest.support": 301,
      "eval_avg.accuracy": 0.6142355008787346,
      "eval_avg.f1": 0.6096233485986191,
      "eval_avg.precision": 0.6660766517687927,
      "eval_avg.recall": 0.6142355008787346,
      "eval_loss": 1.1133928298950195,
      "eval_runtime": 2.6055,
      "eval_samples_per_second": 436.775,
      "eval_steps_per_second": 54.885,
      "step": 360
    },
    {
      "epoch": 4.0,
      "eval_Ask.accuracy": 0.7604938271604939,
      "eval_Ask.f1": 0.736842105263158,
      "eval_Ask.precision": 0.7146171693735499,
      "eval_Ask.recall": 0.7604938271604939,
      "eval_Ask.support": 405,
      "eval_Clarify/Verify.accuracy": 0.2733333333333333,
      "eval_Clarify/Verify.f1": 0.4205128205128205,
      "eval_Clarify/Verify.precision": 0.9111111111111111,
      "eval_Clarify/Verify.recall": 0.2733333333333333,
      "eval_Clarify/Verify.support": 150,
      "eval_Direct.accuracy": 0.9219858156028369,
      "eval_Direct.f1": 0.7355021216407356,
      "eval_Direct.precision": 0.611764705882353,
      "eval_Direct.recall": 0.9219858156028369,
      "eval_Direct.support": 282,
      "eval_Suggest.accuracy": 0.4219269102990033,
      "eval_Suggest.f1": 0.4721189591078067,
      "eval_Suggest.precision": 0.5358649789029536,
      "eval_Suggest.recall": 0.4219269102990033,
      "eval_Suggest.support": 301,
      "eval_avg.accuracy": 0.6467486818980668,
      "eval_avg.f1": 0.6247955893696302,
      "eval_avg.precision": 0.6677501106955773,
      "eval_avg.recall": 0.6467486818980668,
      "eval_loss": 1.1126056909561157,
      "eval_runtime": 2.3842,
      "eval_samples_per_second": 477.306,
      "eval_steps_per_second": 59.978,
      "step": 480
    },
    {
      "epoch": 4.17,
      "learning_rate": 5e-05,
      "loss": 0.6566,
      "step": 500
    }
  ],
  "max_steps": 1440,
  "num_train_epochs": 12,
  "total_flos": 290502206296704.0,
  "trial_name": null,
  "trial_params": null
}
