{
  "best_metric": null,
  "best_model_checkpoint": null,
  "epoch": 4.273504273504273,
  "global_step": 500,
  "is_hyper_param_search": false,
  "is_local_process_zero": true,
  "is_world_process_zero": true,
  "log_history": [
    {
      "epoch": 1.0,
      "eval_Negative.accuracy": 0.0,
      "eval_Negative.f1": 0.0,
      "eval_Negative.precision": 0.0,
      "eval_Negative.recall": 0.0,
      "eval_Negative.support": 143,
      "eval_Neutral.accuracy": 0.7785234899328859,
      "eval_Neutral.f1": 0.6236559139784946,
      "eval_Neutral.precision": 0.5201793721973094,
      "eval_Neutral.recall": 0.7785234899328859,
      "eval_Neutral.support": 447,
      "eval_Positive.accuracy": 0.486652977412731,
      "eval_Positive.f1": 0.5296089385474861,
      "eval_Positive.precision": 0.5808823529411765,
      "eval_Positive.recall": 0.486652977412731,
      "eval_Positive.support": 487,
      "eval_avg.accuracy": 0.5431754874651811,
      "eval_avg.f1": 0.4983228845134753,
      "eval_avg.precision": 0.47856071054275795,
      "eval_avg.recall": 0.5431754874651811,
      "eval_loss": 0.9370918273925781,
      "eval_runtime": 1.7676,
      "eval_samples_per_second": 609.316,
      "eval_steps_per_second": 76.377,
      "step": 117
    },
    {
      "epoch": 2.0,
      "eval_Negative.accuracy": 0.5664335664335665,
      "eval_Negative.f1": 0.7074235807860262,
      "eval_Negative.precision": 0.9418604651162791,
      "eval_Negative.recall": 0.5664335664335665,
      "eval_Negative.support": 143,
      "eval_Neutral.accuracy": 0.9239373601789709,
      "eval_Neutral.f1": 0.6339217191097467,
      "eval_Neutral.precision": 0.4824766355140187,
      "eval_Neutral.recall": 0.9239373601789709,
      "eval_Neutral.support": 447,
      "eval_Positive.accuracy": 0.21149897330595482,
      "eval_Positive.f1": 0.33118971061093244,
      "eval_Positive.precision": 0.762962962962963,
      "eval_Positive.recall": 0.21149897330595482,
      "eval_Positive.support": 487,
      "eval_avg.accuracy": 0.5543175487465181,
      "eval_avg.f1": 0.5067910580891204,
      "eval_avg.precision": 0.6703027535277226,
      "eval_avg.recall": 0.5543175487465181,
      "eval_loss": 1.0629568099975586,
      "eval_runtime": 1.8379,
      "eval_samples_per_second": 585.991,
      "eval_steps_per_second": 73.453,
      "step": 234
    },
    {
      "epoch": 3.0,
      "eval_Negative.accuracy": 0.8181818181818182,
      "eval_Negative.f1": 0.8830188679245282,
      "eval_Negative.precision": 0.9590163934426229,
      "eval_Negative.recall": 0.8181818181818182,
      "eval_Negative.support": 143,
      "eval_Neutral.accuracy": 0.7874720357941835,
      "eval_Neutral.f1": 0.6949654491609082,
      "eval_Neutral.precision": 0.6219081272084805,
      "eval_Neutral.recall": 0.7874720357941835,
      "eval_Neutral.support": 447,
      "eval_Positive.accuracy": 0.5954825462012321,
      "eval_Positive.f1": 0.6621004566210046,
      "eval_Positive.precision": 0.7455012853470437,
      "eval_Positive.recall": 0.5954825462012321,
      "eval_Positive.support": 487,
      "eval_avg.accuracy": 0.7047353760445683,
      "eval_avg.f1": 0.7050735155641251,
      "eval_avg.precision": 0.7225546918184736,
      "eval_avg.recall": 0.7047353760445683,
      "eval_loss": 0.8185215592384338,
      "eval_runtime": 1.8242,
      "eval_samples_per_second": 590.398,
      "eval_steps_per_second": 74.005,
      "step": 351
    },
    {
      "epoch": 4.0,
      "eval_Negative.accuracy": 0.6713286713286714,
      "eval_Negative.f1": 0.7933884297520661,
      "eval_Negative.precision": 0.9696969696969697,
      "eval_Negative.recall": 0.6713286713286714,
      "eval_Negative.support": 143,
      "eval_Neutral.accuracy": 0.7785234899328859,
      "eval_Neutral.f1": 0.6911618669314796,
      "eval_Neutral.precision": 0.6214285714285714,
      "eval_Neutral.recall": 0.7785234899328859,
      "eval_Neutral.support": 447,
      "eval_Positive.accuracy": 0.6468172484599589,
      "eval_Positive.f1": 0.6961325966850829,
      "eval_Positive.precision": 0.7535885167464115,
      "eval_Positive.recall": 0.6468172484599589,
      "eval_Positive.support": 487,
      "eval_avg.accuracy": 0.7047353760445683,
      "eval_avg.f1": 0.7069827990330105,
      "eval_avg.precision": 0.7274306831483198,
      "eval_avg.recall": 0.7047353760445683,
      "eval_loss": 0.9088996052742004,
      "eval_runtime": 1.7466,
      "eval_samples_per_second": 616.618,
      "eval_steps_per_second": 77.292,
      "step": 468
    },
    {
      "epoch": 4.27,
      "learning_rate": 5e-05,
      "loss": 0.4758,
      "step": 500
    }
  ],
  "max_steps": 1404,
  "num_train_epochs": 12,
  "total_flos": 91691118421560.0,
  "trial_name": null,
  "trial_params": null
}
