{"eval/loss": 0.8489559292793274, "eval/avg.accuracy": 0.6212653778558875, "eval/avg.precision": 0.5427884620553008, "eval/avg.recall": 0.6212653778558875, "eval/avg.f1": 0.578956001045423, "eval/Ask.accuracy": 0.7086419753086419, "eval/Ask.precision": 0.6522727272727272, "eval/Ask.recall": 0.7086419753086419, "eval/Ask.f1": 0.6792899408284023, "eval/Ask.support": 405, "eval/Suggest.accuracy": 0.6212624584717608, "eval/Suggest.precision": 0.49866666666666665, "eval/Suggest.recall": 0.6212624584717608, "eval/Suggest.f1": 0.5532544378698224, "eval/Suggest.support": 301, "eval/Direct.accuracy": 0.8262411347517731, "eval/Direct.precision": 0.7213622291021672, "eval/Direct.recall": 0.8262411347517731, "eval/Direct.f1": 0.7702479338842975, "eval/Direct.support": 282, "eval/Clarify/Verify.accuracy": 0.0, "eval/Clarify/Verify.precision": 0.0, "eval/Clarify/Verify.recall": 0.0, "eval/Clarify/Verify.f1": 0.0, "eval/Clarify/Verify.support": 150, "eval/runtime": 2.3464, "eval/samples_per_second": 485.002, "eval/steps_per_second": 60.945, "train/epoch": 2.0, "train/global_step": 240, "_runtime": 30, "_timestamp": 1625088194, "_step": 1}