{"eval/loss": 1.2662677764892578, "eval/avg.accuracy": 0.5922671353251318, "eval/avg.precision": 0.6724449081662995, "eval/avg.recall": 0.5922671353251318, "eval/avg.f1": 0.5889768865443742, "eval/Ask.accuracy": 0.42962962962962964, "eval/Ask.precision": 0.8923076923076924, "eval/Ask.recall": 0.42962962962962964, "eval/Ask.f1": 0.58, "eval/Ask.support": 405, "eval/Suggest.accuracy": 0.5415282392026578, "eval/Suggest.precision": 0.3880952380952381, "eval/Suggest.recall": 0.5415282392026578, "eval/Suggest.f1": 0.45214979195561716, "eval/Suggest.support": 301, "eval/Direct.accuracy": 0.9326241134751773, "eval/Direct.precision": 0.6202830188679245, "eval/Direct.recall": 0.9326241134751773, "eval/Direct.f1": 0.7450424929178471, "eval/Direct.support": 282, "eval/Clarify/Verify.accuracy": 0.49333333333333335, "eval/Clarify/Verify.precision": 0.7474747474747475, "eval/Clarify/Verify.recall": 0.49333333333333335, "eval/Clarify/Verify.f1": 0.5943775100401607, "eval/Clarify/Verify.support": 150, "eval/runtime": 2.292, "eval/samples_per_second": 496.516, "eval/steps_per_second": 62.392, "train/epoch": 3.0, "train/global_step": 360, "_runtime": 40, "_timestamp": 1625088747, "_step": 2}