{"eval/loss": 0.6269236207008362, "eval/avg.accuracy": 0.8222222222222222, "eval/avg.precision": 0.8209339842522638, "eval/avg.recall": 0.8222222222222222, "eval/avg.f1": 0.81864386418242, "eval/Goal.accuracy": 0.8484848484848485, "eval/Goal.precision": 0.8888888888888888, "eval/Goal.recall": 0.8484848484848485, "eval/Goal.f1": 0.8682170542635659, "eval/Goal.support": 66, "eval/Read.accuracy": 1.0, "eval/Read.precision": 0.3333333333333333, "eval/Read.recall": 1.0, "eval/Read.f1": 0.5, "eval/Read.support": 1, "eval/Location.accuracy": 0.8823529411764706, "eval/Location.precision": 0.7894736842105263, "eval/Location.recall": 0.8823529411764706, "eval/Location.f1": 0.8333333333333333, "eval/Location.support": 17, "eval/Stop.accuracy": 0.0, "eval/Stop.precision": 0.0, "eval/Stop.recall": 0.0, "eval/Stop.f1": 0.0, "eval/Stop.support": 1, "eval/Code.accuracy": 0.8588235294117647, "eval/Code.precision": 0.8488372093023255, "eval/Code.recall": 0.8588235294117647, "eval/Code.f1": 0.8538011695906433, "eval/Code.support": 85, "eval/Idea.accuracy": 0.5714285714285714, "eval/Idea.precision": 0.6896551724137931, "eval/Idea.recall": 0.5714285714285714, "eval/Idea.f1": 0.625, "eval/Idea.support": 35, "eval/Run Code.accuracy": 1.0, "eval/Run Code.precision": 0.8, "eval/Run Code.recall": 1.0, "eval/Run Code.f1": 0.888888888888889, "eval/Run Code.support": 20, "eval/runtime": 0.7672, "eval/samples_per_second": 293.26, "eval/steps_per_second": 37.798, "train/epoch": 3.0, "train/global_step": 255, "_runtime": 30, "_timestamp": 1625504917, "_step": 2}