{"eval/loss": 0.8515424728393555, "eval/avg.accuracy": 0.7455896007428041, "eval/avg.precision": 0.745420378633956, "eval/avg.recall": 0.7455896007428041, "eval/avg.f1": 0.7454789278505952, "eval/Positive.accuracy": 0.7515400410677618, "eval/Positive.precision": 0.742393509127789, "eval/Positive.recall": 0.7515400410677618, "eval/Positive.f1": 0.746938775510204, "eval/Positive.support": 487, "eval/Neutral.accuracy": 0.7024608501118568, "eval/Neutral.precision": 0.7120181405895691, "eval/Neutral.recall": 0.7024608501118568, "eval/Neutral.f1": 0.7072072072072072, "eval/Neutral.support": 447, "eval/Negative.accuracy": 0.8601398601398601, "eval/Negative.precision": 0.8601398601398601, "eval/Negative.recall": 0.8601398601398601, "eval/Negative.f1": 0.8601398601398601, "eval/Negative.support": 143, "eval/runtime": 2.4986, "eval/samples_per_second": 431.043, "eval/steps_per_second": 54.03, "train/epoch": 4.27, "train/global_step": 500, "_runtime": 53, "_timestamp": 1625505307, "_step": 4, "train/loss": 0.4752, "train/learning_rate": 5e-05}