{"eval/loss": 2.22428297996521, "eval/avg.accuracy": 0.6492785793562708, "eval/avg.precision": 0.6569855856115627, "eval/avg.recall": 0.6492785793562708, "eval/avg.f1": 0.6385222514433985, "eval/Goal.accuracy": 0.7590361445783133, "eval/Goal.precision": 0.8042553191489362, "eval/Goal.recall": 0.7590361445783133, "eval/Goal.f1": 0.78099173553719, "eval/Goal.support": 249, "eval/Read.accuracy": 0.5, "eval/Read.precision": 0.5833333333333334, "eval/Read.recall": 0.5, "eval/Read.f1": 0.5384615384615384, "eval/Read.support": 14, "eval/Location.accuracy": 0.22340425531914893, "eval/Location.precision": 0.65625, "eval/Location.recall": 0.22340425531914893, "eval/Location.f1": 0.33333333333333337, "eval/Location.support": 94, "eval/Stop.accuracy": 0.0, "eval/Stop.precision": 0.0, "eval/Stop.recall": 0.0, "eval/Stop.f1": 0.0, "eval/Stop.support": 14, "eval/Code.accuracy": 0.6458333333333334, "eval/Code.precision": 0.6058631921824105, "eval/Code.recall": 0.6458333333333334, "eval/Code.f1": 0.6252100840336136, "eval/Code.support": 288, "eval/Idea.accuracy": 0.6333333333333333, "eval/Idea.precision": 0.4377880184331797, "eval/Idea.recall": 0.6333333333333333, "eval/Idea.f1": 0.5177111716621253, "eval/Idea.support": 150, "eval/Run Code.accuracy": 0.9456521739130435, "eval/Run Code.precision": 0.8877551020408163, "eval/Run Code.recall": 0.9456521739130435, "eval/Run Code.f1": 0.9157894736842105, "eval/Run Code.support": 92, "eval/runtime": 1.8219, "eval/samples_per_second": 494.549, "eval/steps_per_second": 62.024, "train/epoch": 11.0, "train/global_step": 1265, "_runtime": 133, "_timestamp": 1625090571, "_step": 12, "train/loss": 0.1679, "train/learning_rate": 2.1590909090909093e-05}