{"eval/loss": 1.586888313293457, "eval/avg.accuracy": 0.7663230240549829, "eval/avg.precision": 0.7684176941121025, "eval/avg.recall": 0.7663230240549829, "eval/avg.f1": 0.7644658456314642, "eval/Ask.accuracy": 0.8144329896907216, "eval/Ask.precision": 0.8777777777777778, "eval/Ask.recall": 0.8144329896907216, "eval/Ask.f1": 0.8449197860962567, "eval/Ask.support": 97, "eval/Suggest.accuracy": 0.6024096385542169, "eval/Suggest.precision": 0.684931506849315, "eval/Suggest.recall": 0.6024096385542169, "eval/Suggest.f1": 0.641025641025641, "eval/Suggest.support": 83, "eval/Direct.accuracy": 0.8271604938271605, "eval/Direct.precision": 0.7444444444444445, "eval/Direct.recall": 0.8271604938271605, "eval/Direct.f1": 0.783625730994152, "eval/Direct.support": 81, "eval/Clarify/Verify.accuracy": 0.9, "eval/Clarify/Verify.precision": 0.7105263157894737, "eval/Clarify/Verify.recall": 0.9, "eval/Clarify/Verify.f1": 0.7941176470588235, "eval/Clarify/Verify.support": 30, "eval/runtime": 0.7872, "eval/samples_per_second": 369.646, "eval/steps_per_second": 47.0, "train/epoch": 12.0, "train/global_step": 1272, "_runtime": 138, "_timestamp": 1625517211, "_step": 14, "train/loss": 0.1557, "train/learning_rate": 1.761658031088083e-05, "train/train_runtime": 130.8857, "train/train_samples_per_second": 77.656, "train/train_steps_per_second": 9.718, "train/total_flos": 447349118233248.0, "train/train_loss": 0.3629367081624157}